NO	名称	Ticker	カテゴリ1	カテゴリ2	カテゴリ3	カテゴリ4	ETFの特徴	グローバルマクロ戦略の視点	Current	Per Yesterday	Yesterday	Two days before	7	14	30	90	0101	365	Two days before	7	14	30	90	0101	365
1	iShares 20+ Year Treasury Bond ETF	TLT	債券・金利関連アセット	米国債券	国債	長期国債	償還期間が20年以上の米国財務省証券に投資。金利変動への感応度が高い。	景気後退やデフレ懸念時の安全資産としての需要や、長期金利の方向性を捉える。Fedの金融政策やインフレ期待に敏感。	89.41	-0.0023487305670506498	89.62	0.0010042401249721333	0.00435170720821243	0.023878598527114492	0.0331399241240794	0.0013389868332961408	0.028899799151975047	0.015733095291229793	89.53	89.23	87.48	86.65	89.5	87.03	88.21
2	Invesco QQQ Trust, Series 1	QQQ	株式	米国株式	主要指数	Nasdaq 100	Nasdaq 100指数に連動する。主にテクノロジーと成長株で構成される。	米国テクノロジーセクターの健全性、成長期待、リスクオン/オフの指標。金利上昇に敏感。	608.81	0.008771209408518166	603.47	-0.003844433028982186	0.004689545462077671	0.010671615821830516	-0.007606011897857146	0.022204914908777518	-0.015990852900724217	0.10597047077733779	605.79	600.64	597.03	608.06	590.07	613.12	539.52
3	United States Oil Fund, LP	USO	コモディティ	エネルギー	原油	WTI原油	WTI原油先物契約の価格変動を反映。北米市場の原油価格指標。	米国のエネルギー需給、シェールオイル生産量、OPEC+の動向、米国の経済活動に影響。	80.85	-0.0042053184910328945	81.19	0.022047050129326173	0.059243749230200815	0.055425545017859346	0.11491563000369498	0.14644660672496612	0.15063431457076004	0.0460647863037319	79.4	76.38	76.69	71.86	69.3	68.96	77.45
4	SPDR Gold Trust	GLD	コモディティ	貴金属	金	現物	現物金に投資することで、金価格に連動する。世界最大の金ETFの一つ。	景気不確実性、インフレヘッジ、実質金利の低下、米ドル安、地政学リスク時の安全資産としての需要を評価。	468.62	0.01933336178566858	459.56	0.0027852728697015383	0.01777787448864132	0.03847158151275132	0.048589955609713575	0.18559056488815395	0.13334493863695718	0.4106319087823135	458.28	451.39	441.88	437.23	374.27	398.28	270.85
5	Invesco DB US Dollar Index Bullish Fund	UUP	通貨	主要通貨	米ドル		主要6通貨（ユーロ、円、ポンド、カナダドル、スウェーデンクローナ、スイスフラン）に対する米ドルの強弱に連動する。	米国の金融政策（Fed）、景気見通し、グローバルリスクオフ時の資金流入、国際貿易における米ドルの需要を評価。	27.09	-0.001107419712070845	27.12	0.001474926253687392	0.01106194690265494	0.0011061946902655162	-0.0033185840707965486	-0.046828908554572335	0.00036873156342187574	-0.07706489675516215	27.08	26.82	27.09	27.21	28.39	27.11	29.21
6	iShares 20+ Year Treasury Bond ETF	TLT	債券・金利関連アセット	米国債券	国債	長期国債	償還期間が20年以上の米国財務省証券に投資。金利変動への感応度が高い。	景気後退やデフレ懸念時の安全資産としての需要や、長期金利の方向性を捉える。Fedの金融政策やインフレ期待に敏感。	89.41	-0.0023487305670506498	89.62	0.0010042401249721333	0.00435170720821243	0.023878598527114492	0.0331399241240794	0.0013389868332961408	0.028899799151975047	0.015733095291229793	89.53	89.23	87.48	86.65	89.5	87.03	88.21
7	Direxion Daily 20+ Year Treasury Bull 3X Shares	TMF	債券・金利関連アセット	米国債券	レバレッジ/特殊債券	レバレッジ長期国債	日々のTLTの3倍のパフォーマンスを目指すレバレッジ型ETF。高いリスクを伴う。	強気な長期金利低下見通し、またはデフレシナリオに賭ける際に使用。ボラティリティが高い市場で短期的な利益を狙う。	40.01	-0.00799800049987498	40.33	0.0032234068931314974	0.011653855690552883	0.0674435903793702	0.09670220679394992	-0.0027274981403422327	0.08008926357550206	-0.010414083808579333	40.2	39.86	37.61	36.43	40.44	37.1	40.75
8	iShares 7-10 Year Treasury Bond ETF	IEF	債券・金利関連アセット	米国債券	国債	中期国債	償還期間が7～10年の米国財務省証券に投資。中期的な金利変動リスクを反映。	中期的な金利見通しに基づいた戦略。短期債と長期債の中間的なリスク・リターン特性を持つ。	97.09	0	97.09	0.0009269749716758202	0.002677927695952209	0.010505716345658778	0.015861571737563196	-0.0010299721907507386	0.010402719126583637	0.042434854258935006	97	96.83	96.07	95.55	97.19	96.08	92.97
9	iShares 1-3 Year Treasury Bond ETF	SHY	債券・金利関連アセット	米国債券	国債	短期国債	償還期間が1～3年の米国財務省証券に投資。金利変動リスクが低い。	キャッシュ代替としての利用や、短期金利（Fedの政策金利）の変動見通しに基づいた戦略。流動性ポジションの調整に。	82.99	0.00012049644535472304	82.98	0	0.0006025548324897212	0.001446131597975464	0.002169197396963196	-0.0006025548324897212	0.001446131597975464	0.010725476018317637	82.98	82.93	82.86	82.8	83.03	82.86	82.09
10	iShares iBoxx $ High Yield Corporate Bond ETF	HYG	債券・金利関連アセット	米国債券	社債	ハイイールド社債	米ドル建ての高利回り（ジャンク）社債に投資。信用リスクが高いが、景気回復期には良好なパフォーマンスを示す傾向。	景気サイクルに対するエクスポージャー。信用スプレッドの拡大/縮小は景気見通しや市場のリスク選好度を反映。	81	0.0007407407407408195	80.94	0.0003706449221645425	0.0018532246108227124	0.005065480602915673	0.000741289844329196	0.00704225352112664	0.0033358042994809933	0.014702248579194444	80.91	80.79	80.53	80.88	80.37	80.67	79.75
11	iShares iBoxx $ Investment Grade Corporate Bond ETF	LQD	債券・金利関連アセット	米国債券	社債	投資適格社債	米ドル建ての投資適格社債に投資。国債より利回りが高く、信用リスクも比較的低い。	企業クレジット市場の健全性や、金利動向と信用スプレッドの両方の影響を評価。経済成長への感応度も持つ。	111.59	-0.0008065238820682552	111.68	0.0008058739255014657	0.004118911174785134	0.010565902578796638	0.015938395415472817	0.006805157593123279	0.013610315186246558	0.03644340974212046	111.59	111.22	110.5	109.9	110.92	110.16	107.61
12	iShares TIPS Bond ETF	TIP	債券・金利関連アセット	米国債券	インフレ連動債	米国TIPS	米国財務省発行のインフレ連動債（TIPS）に投資。インフレ率に応じて元本と利息が調整される。	インフレヘッジとして活用。期待インフレ率の動向を読み、インフレ連動債の魅力度を評価する。実質金利の指標としても重要。	111.19	-0.000539616872020865	111.25	0.0008089887640450044	0	0.006202247191011256	0.01402247191011241	0.0020674157303370855	0.012494382022471884	0.024898876404494397	111.16	111.25	110.56	109.69	111.02	109.86	108.48
13	iShares Core U.S. Aggregate Bond ETF	AGG	債券・金利関連アセット	米国債券	総合債券	米国総合債券	米国の投資適格債券市場全体（国債、モーゲージ債、社債など）をカバーする広範なETF。	米国債券市場全体の健全性、金利動向、信用リスクの基準として使用。景気後退期の安全資産としての機能も評価。	100.9	0.00019821605550063293	100.88	0.00019825535289452745	0.002081681205392538	0.008029341792228362	0.01199444885011891	0.004361617763679604	0.010210150674068164	0.03400079302141146	100.86	100.67	100.07	99.67	100.44	99.85	97.45
14	VanEck J.P. Morgan EM Local Currency Bond ETF	EMLC	債券・金利関連アセット	国際債券	新興国債券	現地通貨建て新興国債券	新興国政府が現地通貨建てで発行する債券に投資。新興国の金利動向と為替変動の両方に影響される。	新興国の中央銀行政策やインフレ動向を評価し、為替変動も加味したトータルリターンを狙う。米ドル建てEM債とは異なるリスク・リターン特性。	26.47	0.0034000755572346497	26.38	-0.0022744503411675776	-0.004548900682335155	0.0079605761940863	0.015163002274450332	0.03525398028809701	0.018953752843062888	0.099696739954511	26.44	26.5	26.17	25.98	25.45	25.88	23.75
15	iShares J.P. Morgan USD Emerging Markets Bond ETF	EMB	債券・金利関連アセット	国際債券	新興国債券	新興国債券（USD建て）	米ドル建ての新興国政府債券に投資し、新興国の信用リスクと米ドル流動性を反映。	新興国の財政健全性、政治的安定性、成長見通しを評価。ドル高は不利に、コモディティ価格高騰は有利に働く傾向。	97.65	0.0010240655401946297	97.55	-0.001127626858021591	0.003075345976422339	0.01137878011276272	0.01865709892362888	0.014351614556637582	0.012813941568426412	0.07104049205535612	97.66	97.25	96.44	95.73	96.15	96.3	90.62
16									0	0	1	0	0	0	0	0	0	0	1	1	1	1	1	1	1
17	Grayscale Bitcoin Trust ETF	GBTC	代替資産	暗号資産	ビットコイン		グレイスケール社が運用するビットコインを裏付けとした投資信託。現物ビットコインへの間接的なエクスポージャー。	新たな資産クラスとしての評価。デジタルゴールドとしての役割、技術革新、リスクオン/オフの指標、規制動向の把握。	52.81	0.00927854572997544	52.32	0.012996941896024405	0.026185015290519864	0.05084097859327219	-0.3358180428134556	-0.26452599388379205	-0.3405963302752293	-0.45412844036697253	51.64	50.95	49.66	69.89	66.16	70.14	76.08
18	Grayscale Ethereum Trust ETF	ETHE	代替資産	暗号資産	イーサリアム		グレイスケール社が運用するイーサリアムを裏付けとした投資信託。現物イーサリアムへの間接的なエクスポージャー。	ブロックチェーン技術の進化、分散型金融（DeFi）の成長、NFT市場の動向を評価。特定の技術トレンドへのエクスポージャー。	16.08	0.011815920398009827	15.89	0.005034612964128438	0.016991818753933408	0.0434235368156074	-0.5431088735053491	-0.41472624292007554	-0.6104468219005663	-0.4304594084329767	15.81	15.62	15.2	24.52	22.48	25.59	22.73
19	ProShares VIX Short-Term Futures ETF	VIXY	代替資産	ボラティリティ	VIX先物	短期VIX先物	S&P 500指数の今後30日間の予想変動率（VIX指数）の短期先物契約に連動。市場の不確実性や恐怖感を反映。	市場のストレスやリスクオフのセンチメントを直接的に捉える。ポートフォリオのヘッジや、市場の急落時に利益を狙う戦術的なツールとして利用。	27.4	-0.023722627737226443	28.05	0.024242424242424176	0.005347593582887722	-0.013190730837789655	-0.01461675579322641	-0.29233511586452754	0.10124777183600708	-0.44385026737967914	27.37	27.9	28.42	28.46	36.25	25.21	40.5
20									0	0	1	0	0	0	0	0	0	0	1	1	1	1	1	1	1
21	SPDR Gold Trust	GLD	コモディティ	貴金属	金	現物	現物金に投資することで、金価格に連動する。世界最大の金ETFの一つ。	景気不確実性、インフレヘッジ、実質金利の低下、米ドル安、地政学リスク時の安全資産としての需要を評価。	468.62	0.01933336178566858	459.56	0.0027852728697015383	0.01777787448864132	0.03847158151275132	0.048589955609713575	0.18559056488815395	0.13334493863695718	0.4106319087823135	458.28	451.39	441.88	437.23	374.27	398.28	270.85
22	iShares Silver Trust	SLV	コモディティ	貴金属	銀	現物	現物銀に投資することで、銀価格に連動する。金と類似の貴金属特性に加え、工業用需要も高い。	金と同様の安全資産機能に加え、産業活動（太陽光発電、エレクトロニクス）の回復やインフレ期待を評価。	76.62	0.07321848081440874	71.01	0.012955921701168882	0.04619067736938465	0.06083650190114076	-0.2025066891987044	0.3620616814533165	0.07407407407407418	0.5801999718349529	70.09	67.73	66.69	85.39	45.3	65.75	29.81
23	United States Copper Index Fund	CPER	コモディティ	産業金属	銅		銅先物契約の価格変動を反映。景気循環に敏感な「ドクター・コッパー」と呼ばれる。	世界経済の成長、製造業の活動、インフラ投資、新興国の需要（特に中国）の主要な指標。	36.17	0.017417749516173697	35.54	-0.0011254924029262536	0.0008441193021947457	0.008441193021947013	-0.0047833427124366334	0.12577377602701179	0.015756893640967995	0.18936409679234667	35.58	35.51	35.24	35.71	31.07	34.98	28.81
24	abrdn Physical Platinum Shares ETF	PPLT	コモディティ	貴金属	プラチナ	現物	現物プラチナに投資。自動車触媒（ディーゼル車）、宝飾品、工業需要に影響される。	ディーゼル車販売の動向、宝飾品需要、供給国（南アフリカ）の状況、金・パラジウムとの価格差を評価。	196.49	0.04091811288106273	188.45	-0.0043512868134785165	0.036720615547890634	0.03544706818784815	-0.18901565401963394	0.268081719288936	-0.032104006367736915	0.5256036083841867	189.27	181.53	181.77	224.07	137.93	194.5	89.4
25	abrdn Physical Palladium Shares ETF	PALL	コモディティ	貴金属	パラジウム	現物	現物パラジウムに投資。主に自動車触媒などの産業需要に左右される。	自動車産業の動向（特にガソリン車）、供給国（ロシア、南アフリカ）の状況、代替金属（プラチナ）との価格差を評価。	159.6	0.0418546365914787	152.92	-0.02432644520010463	0.038713052576510476	0.01870258958932769	-0.10868427936175773	0.1845409364373528	0.02576510593774517	0.4172116139157729	156.64	147	150.06	169.54	124.7	148.98	89.12
26	VanEck Gold Miners ETF	GDX	コモディティ	貴金属	金鉱株		大手金鉱会社の株式に投資。金価格と連動するが、企業の収益性、生産コスト、経営リスクも考慮される。	金価格のレバレッジド・プレイ。金価格が上昇する局面で、マイニング企業の利益拡大を見込む。	106.26	0.019009975531714796	104.24	0.016116653875671405	0.05717574827321559	0.11320030698388328	0.01400613967766684	0.29345740598618564	0.17757099002302368	0.6014965464313123	102.56	98.28	92.44	102.78	73.65	85.73	41.54
27	VanEck Junior Gold Miners ETF	GDXJ	コモディティ	貴金属	中小金鉱株		中小規模の金・銀鉱会社の株式に投資。GDXより高いボラティリティを持つ。	高い成長潜在力を持つが、より大きなリスクを伴う金鉱株へのエクスポージャー。金価格の変動に非常に敏感。	142.01	0.028730371100626595	137.93	0.02798520988907427	0.06583049372870309	0.121510911331835	0.013992604944537135	0.31863988979917346	0.17929384470383525	0.6301022257666933	134.07	128.85	121.17	136	93.98	113.2	51.02
28	United States Oil Fund, LP	USO	コモディティ	エネルギー	原油	WTI原油	WTI原油先物契約の価格変動を反映。北米市場の原油価格指標。	米国のエネルギー需給、シェールオイル生産量、OPEC+の動向、米国の経済活動に影響。	80.85	-0.0042053184910328945	81.19	0.022047050129326173	0.059243749230200815	0.055425545017859346	0.11491563000369498	0.14644660672496612	0.15063431457076004	0.0460647863037319	79.4	76.38	76.69	71.86	69.3	68.96	77.45
29	United States Brent Oil Fund, LP	BNO	コモディティ	エネルギー	原油	ブレント原油	ブレント原油先物契約の価格変動を反映。世界基準となる原油価格指標の一つ。	世界的な需給バランス、地政学的リスク、OPEC+の動向、特に欧州・中東・アジアの経済活動に影響。	33.88	-0.003837072018890053	34.01	0.021758306380476156	0.06262863863569534	0.064098794472214	0.12437518376947942	0.16142311084975003	0.16936195236695084	0.0820346956777418	33.27	31.88	31.83	29.78	28.52	28.25	31.22
30	United States Natural Gas Fund, LP	UNG	コモディティ	エネルギー	天然ガス		天然ガス先物契約の価格変動を反映。季節性や供給網の変化に影響される。	季節的な需給（暖房/冷房）、異常気象、エネルギー政策（特に欧州のガス依存度）が影響。	12.01	0.017485428809325465	11.8	-0.0059322033898303594	-0.05338983050847457	-0.1457627118644067	-0.04830508474576267	-0.24152542372881358	-0.02203389830508473	-0.9161016949152541	11.87	12.43	13.52	12.37	14.65	12.06	22.61
31	Invesco DB Commodity Index Tracking Fund	DBC	コモディティ	総合コモディティ	広範コモディティ		エネルギー、貴金属、農産物、産業金属など多様なコモディティ先物に分散投資。	インフレヘッジ、グローバル経済の景気循環、広範なコモディティ価格動向を評価する際の主要な指標。	24.6	0.0069105691056911	24.43	0.009005321326238214	0.025787965616045794	0.027425296766270923	0.03888661481784683	0.07777322963569377	0.08350388866148173	0.06058125255832991	24.21	23.8	23.76	23.48	22.53	22.39	22.95
32	iShares S&P GSCI Commodity-Indexed Trust	GSG	コモディティ	総合コモディティ	S&P GSCI		エネルギー商品の比重が高いS&P GSCIコモディティ指数に連動。	エネルギー価格がインフレを牽引する局面で特に有効。コモディティ市場の広範な動向を捉える。	25.58	0.004300234558248572	25.47	0.010993325480957883	0.030624263839811428	0.030231645072634428	0.05496662740478986	0.10600706713780916	0.09422850412249706	0.09265802905378873	25.19	24.69	24.7	24.07	22.77	23.07	23.11
33	Invesco DB Energy Fund	DBE	コモディティ	エネルギー	エネルギーセクター		原油、暖房油、ガソリン、天然ガスなど複数のエネルギー商品を組み合わせたバスケットに投資。	広範なエネルギー市場の需給、OPEC政策、地政学的リスク、産業活動の指標として利用。	20.16	-0.003968253968253954	20.24	0.019762845849802257	0.05335968379446632	0.04397233201581008	0.09782608695652162	0.07065217391304346	0.1403162055335968	0.015316205533596805	19.84	19.16	19.35	18.26	18.81	17.4	19.93
34	Invesco DB Base Metals Fund	DBB	コモディティ	産業金属	ベースメタル		アルミニウム、亜鉛、銅、ニッケルなどの主要なベースメタル先物契約に投資。	広範な産業活動や製造業の景気動向を評価。グローバルな成長の初期段階で強い動きを見せる傾向。	23.82	0.011754827875734675	23.54	-0.0038232795242141293	-0.0021240441801189114	0.01189464740866597	-0.008496176720475646	0.09473237043330507	0.02251486830926075	0.1720475785896347	23.63	23.59	23.26	23.74	21.31	23.01	19.49
35	Invesco DB Agriculture Fund	DBA	コモディティ	農産物	農産物セクター		玉米、小麦、大豆、砂糖など複数の主要農産物先物に投資。	世界的な食料需要、気候変動（干ばつ、洪水）、地政学的リスク（輸出制限）、インフレ期待の指標。	26.03	0.0049942374183635785	25.9	0.0023166023166022454	0.0003861003861003187	0.0050193050193050315	0.015830115830115843	0.0007722007722007485	0.013127413127413168	-0.08957528957528949	25.84	25.89	25.77	25.49	25.88	25.56	28.22
36	Teucrium Wheat Fund	WEAT	コモディティ	農産物	小麦		小麦先物契約の価格変動を反映。世界的な主食であり、地政学リスクの影響を受けやすい。	主要生産国（ロシア、ウクライナ、米国など）の天候、輸出政策、地政学リスクが影響。	22.17	0.015787099684258066	21.82	0.031164069660861604	0.021998166819431786	0.04353803849679194	0.07836846929422547	0.039871677360220015	0.08340971585701196	-0.2007332722273143	21.14	21.34	20.87	20.11	20.95	20	26.2
37	Teucrium Corn Fund	CORN	コモディティ	農産物	トウモロコシ		トウモロコシ先物契約の価格変動を反映。主要な飼料・バイオ燃料原料。	天候、バイオエタノール政策、中国の需要、ウクライナ情勢などの地政学リスクが影響。	17.62	0.007377979568672144	17.49	0.002858776443681932	-0.007432818753573711	-0.00628930817610085	0.01772441395082902	-0.00628930817610085	-0.008004574042310031	-0.17038307604345349	17.44	17.62	17.6	17.18	17.6	17.63	20.47
38	Teucrium Soybean Fund	SOYB	コमोディティ	農産物	大豆		大豆先物契約の価格変動を反映。食用油、飼料の主要原料。	天候、中国の輸入需要、南米の生産、バイオディーゼル生産が影響。	23.49	-0.0025542784163474774	23.55	0.005520169851380041	0.003821656050955413	0.025053078556263264	0.06878980891719744	0.00721868365180478	0.07346072186836516	0.06496815286624213	23.42	23.46	22.96	21.93	23.38	21.82	22.02
39									0	0	1	0	0	0	0	0	0	0	1	1	1	1	1	1	1
40									0	0	1	0	0	0	0	0	0	0	1	1	1	1	1	1	1
41	Invesco DB US Dollar Index Bullish Fund	UUP	通貨	主要通貨	米ドル		主要6通貨（ユーロ、円、ポンド、カナダドル、スウェーデンクローナ、スイスフラン）に対する米ドルの強弱に連動する。	米国の金融政策（Fed）、景気見通し、グローバルリスクオフ時の資金流入、国際貿易における米ドルの需要を評価。	27.09	-0.001107419712070845	27.12	0.001474926253687392	0.01106194690265494	0.0011061946902655162	-0.0033185840707965486	-0.046828908554572335	0.00036873156342187574	-0.07706489675516215	27.08	26.82	27.09	27.21	28.39	27.11	29.21
42	Invesco CurrencyShares Euro Trust	FXE	通貨	主要通貨	ユーロ		ユーロの対米ドルレートの変動に連動。ユーロ圏経済全体、ECBの金融政策、政治情勢に影響される。	ユーロ圏の経済成長、インフレ、ECBの金融政策、欧州債務問題などのリスク要因を評価。	108.78	0.001654715940430318	108.6	-0.001197053406998272	-0.008379373848987237	-0.0005524861878454246	0.003867403314916973	0.021362799263351717	0.004696132596684999	0.11353591160220988	108.73	109.51	108.66	108.18	106.28	108.09	96.27
43	Invesco CurrencyShares British Pound Sterling Trust	FXB	通貨	主要通貨	英ポンド		英ポンドの対米ドルレートの変動に連動。英国経済、ブレグジット、BOEの金融政策に影響される。	英国の経済成長、インフレ、BOEの金融政策、ブレグジット関連の政治的・経済的リスクを評価。	129.57	0.0010804970286331095	129.43	-0.002858688093950512	-0.011589276056555686	-0.0055628525071467205	0.0018542841690489809	0.026191763887815855	0.0013134512864098058	0.06451363671482657	129.8	130.93	130.15	129.19	126.04	129.26	121.08
44	Invesco CurrencyShares Japanese Yen Trust	FXY	通貨	主要通貨	日本円		日本円の対米ドルレートの変動に連動。日本経済、BOJの金融政策、リスクオフ時の需要に影響される。	日本の経済状況、BOJのYCC政策、グローバルなリスクオフ時の安全資産としての需要を評価。	59.28	0.0006747638326585204	59.24	-0.002363268062120172	-0.016374071573261206	0.012660364618501063	0.018568534773801493	0.007765023632680612	0.010972316002700877	-0.028696826468602277	59.38	60.21	58.49	58.14	58.78	58.59	60.94
45	Invesco CurrencyShares Swiss Franc Trust	FXF	通貨	主要通貨	スイスフラン		スイスフランの対米ドルレートの変動に連動。スイス経済、SNBの金融政策、地政学リスク時の需要に影響される。	安全資産としての需要（特に地政学リスク時）、スイスの経済状況、SNBの金融政策を評価。	113.98	0.0006141428320758369	113.91	-0.003950487226757948	-0.008339917478711323	0.003160389781406314	0.017469932402774058	0.03818804319199365	0.02045474497410238	0.13791589851637254	114.36	114.86	113.55	111.92	109.56	111.58	98.2
46	Invesco CurrencyShares Canadian Dollar Trust	FXC	通貨	主要通貨	カナダドル		カナダドルの対米ドルレートの変動に連動。カナダ経済、原油価格、米経済に密接に影響される。	カナダ経済の健全性、原油価格動向（産油国）、米国経済への感応度を評価。	71.48	0.0008393956351426812	71.42	0.0004200504060487553	-0.005180621674601094	0.0005600672080650071	0.010501260151218106	0.02912349481937826	0.003920470456454828	0.036964435732287915	71.39	71.79	71.38	70.67	69.34	71.14	68.78
47	Invesco CurrencyShares Australian Dollar Trust	FXA	通貨	主要通貨	豪ドル		豪ドルの対米ドルレートの変動に連動。オーストラリアの経済成長、コモディティ価格、中国経済に影響される。	豪州経済の健全性、コモディティ（鉄鉱石など）価格、中国経済へのエクスポージャーを評価。高金利通貨としてのキャリートレード。	70.15	0.0037063435495368058	69.89	0.002146229789669607	-0.00400629560738297	0.016454428387466136	0.0456431535269709	0.08513378165688945	0.05165259693804547	0.10044355415653172	69.74	70.17	68.74	66.7	63.94	66.28	62.87
48	WisdomTree Chinese Yuan Strategy Fund	CYB	通貨	新興国通貨	中国人民元		オフショア人民元（CNH）の対米ドルレートの変動に連動。中国経済の成長と人民銀行の政策に影響される。	中国経済の健全性、貿易収支、人民銀行の政策、米中関係などの地政学リスクを評価。	96.47	0.012646418575723017	95.25	0.009343832020997422	0.01784776902887142	0.0516535433070866	0.05238845144356952	0.1286089238845144	0.08650918635170601	0.19181102362204716	94.36	93.55	90.33	90.26	83	87.01	76.98
49									0	0	1	0	0	0	0	0	0	0	1	1	1	1	1	1	1
50									0	0	1	0	0	0	0	0	0	0	1	1	1	1	1	1	1
51	SPDR S&P 500 ETF Trust	SPY	株式	米国株式	主要指数	S&P 500	S&P 500指数に連動する。米国株式市場の主要なベンチマーク。	米国企業全体の収益、マクロ経済の健全性、市場センチメントを評価する上で最も重要な指標。	689.43	0.007179844219137421	684.48	-0.0026443431510050353	0.004689691444600297	0.010022206638616193	0.010080645161290258	0.037181510051426	0.0019138616175783385	0.10453190743338014	686.29	681.27	677.62	677.58	659.03	683.17	612.93
52	Invesco QQQ Trust, Series 1	QQQ	株式	米国株式	主要指数	Nasdaq 100	Nasdaq 100指数に連動する。主にテクノロジーと成長株で構成される。	米国テクノロジーセクターの健全性、成長期待、リスクオン/オフの指標。金利上昇に敏感。	608.81	0.008771209408518166	603.47	-0.003844433028982186	0.004689545462077671	0.010671615821830516	-0.007606011897857146	0.022204914908777518	-0.015990852900724217	0.10597047077733779	605.79	600.64	597.03	608.06	590.07	613.12	539.52
53	SPDR Dow Jones Industrial Average ETF Trust	DIA	株式	米国株式	主要指数	ダウ工業株30種	ダウ工業株30種平均に連動する。米国の主要な優良企業で構成。	米国経済の広範な健全性、産業セクターの動向、伝統的企業のパフォーマンスを評価。	496.08	0.0034268666344138277	494.38	-0.005299567134592786	-0.0005865933087907393	0.011064363445123071	0.01921598770176791	0.06434321776770902	0.021744407136211064	0.09650471297382579	497	494.67	488.91	484.88	462.57	483.63	446.67
54	iShares Russell 2000 ETF	IWM	株式	米国株式	主要指数	ラッセル2000	ラッセル2000指数に連動。米国の小型株市場の動向を反映。	米国国内経済の景気回復、国内消費、金利感応度が高い小型株の動向を評価。	264.61	0.00003779146668680955	264.6	0.0023053665910809373	0.019123204837490526	0.03314436885865457	0.007634164777022057	0.10959939531368112	0.059788359788359835	0.14425547996976573	263.99	259.54	255.83	262.58	235.6	248.78	226.43
55	VanEck Semiconductor ETF	SMH	株式	米国株式	セクター	半導体（広範）	既存のSOXXに加え、世界の半導体企業（米国中心）に幅広く投資。	半導体産業のグローバルなサイクル、サプライチェーン、技術革新をより包括的に評価。	415.03	0.011637712936414246	410.2	-0.005728912725499802	0.00997074597757186	0.07101413944417356	0.048293515358361794	0.2049488054607509	0.0899561189663578	0.37264748902974165	412.55	406.11	381.07	390.39	326.13	373.3	257.34
56	iShares Semiconductor ETF	SOXX	株式	米国株式	セクター	半導体	半導体製品および関連機器の製造・販売を行う企業に投資。	技術革新、需要サイクル（PC、スマホ、AI）、サプライチェーンの安定性、地政学リスク（米中技術摩擦）を評価。	359.43	0.009988036613527096	355.84	-0.005845323741007213	0.012196492805755299	0.07028439748201432	0.051961555755395517	0.2388995053956835	0.11845211330935246	0.3521526528776978	357.92	351.5	330.83	337.35	270.83	313.69	230.53
57	Technology Select Sector SPDR Fund	XLK	株式	米国株式	セクター	テクノロジー	テクノロジー（ソフトウェア、ハードウェア、ITサービスなど）セクターのS&P 500構成銘柄に投資。	技術革新の進展、景気サイクルの成長期、金利動向（割引率への影響）、研究開発投資を評価。	140.88	0.004755820556501922	140.21	-0.004992511233150143	0.007132158904500363	0.03266528778261191	-0.01162541901433567	0.02574709364524652	-0.029170529919406718	0.13636687825404747	140.91	139.21	135.63	141.84	136.6	144.3	121.09
58	Communication Services Select Sector SPDR Fund	XLC	株式	米国株式	セクター	通信サービス	通信サービス（メディア、エンターテイメント、電気通信など）セクターのS&P 500構成銘柄に投資。	消費者のメディア利用、広告市場、通信インフラ投資、規制環境の変化を評価。	116.8	0.014212328767123306	115.14	0.004776793468820539	0.0043425395171096115	-0.009293034566614455	0.014504081987146145	0.02813965607087021	-0.015285739100225904	0.08858780614903594	114.59	114.64	116.21	113.47	111.9	116.9	104.94
59	Utilities Select Sector SPDR Fund	XLU	株式	米国株式	セクター	公益事業	公益事業（電気、ガス、水道など）セクターのS&P 500構成銘柄に投資。	金利動向（借入コスト）、規制環境、人口動態、景気変動の影響を受けにくいディフェンシブ特性を評価。	46.33	0.004748543060651866	46.11	0.010843634786380396	0.018651051832574317	0.06527868141400994	0.06831489915419642	0.04402515723270439	0.06354369984818908	0.1296898720451094	45.61	45.25	43.1	42.96	44.08	43.18	40.13
60	Consumer Discretionary Select Sector SPDR Fund	XLY	株式	米国株式	セクター	一般消費財	一般消費財（小売、自動車、ホテルなど）セクターのS&P 500構成銘柄に投資。	消費者支出の動向、景気サイクル、雇用市場、インフレが消費者に与える影響を評価。景気敏感株。	117.45	0.01030225627926784	116.24	-0.006710254645560854	0.0009463179628355078	-0.0109256710254646	-0.024776324845148023	0.030024088093599355	-0.01815209910529947	0.026841018582243525	117.02	116.13	117.51	119.12	112.75	118.35	113.12
61	Consumer Staples Select Sector SPDR Fund	XLP	株式	米国株式	セクター	生活必需品	生活必需品（食品、飲料、家庭用品など）セクターのS&P 500構成銘柄に投資。	景気変動の影響を受けにくいディフェンシブセクター。消費者の購買力、コストプッシュ型インフレを評価。	87.89	0.0025031289111389077	87.67	-0.004220371848979276	-0.01756587202007509	0.008554807801984698	0.06056803923805176	0.11144062963385415	0.11383597581840998	0.06980723166419533	88.04	89.21	86.92	82.36	77.9	77.69	81.55
62	Energy Select Sector SPDR Fund	XLE	株式	米国株式	セクター	エネルギー	エネルギー（石油・ガス探査、生産、精製など）セクターのS&P 500構成銘柄に投資。	原油価格、地政学リスク、エネルギー政策、世界経済の成長がエネルギー需要に与える影響を評価。	54.88	-0.0054664723032069595	55.18	0.007249003262051468	0.021747009786154403	0.053823849220732134	0.13736861181587534	0.18974266038419718	0.1727075027183762	0.16618339978252994	54.78	53.98	52.21	47.6	44.71	45.65	46.01
63	Financial Select Sector SPDR Fund	XLF	株式	米国株式	セクター	金融	金融（銀行、保険、証券など）セクターのS&P 500構成銘柄に投資。	金利動向、イールドカーブ、景気循環、規制環境、信用市場の健全性を評価。	52.49	0.006477424271289833	52.15	-0.008437200383509147	0.008820709491850431	-0.021860019175455436	-0.020134228187919545	0.009204218600191716	-0.05330776605944387	-0.000767018216682569	52.59	51.69	53.29	53.2	51.67	54.93	52.19
64	Health Care Select Sector SPDR Fund	XLV	株式	米国株式	セクター	ヘルスケア	ヘルスケア（医薬品、バイオ、医療機器、サービス）セクターのS&P 500構成銘柄に投資。	人口高齢化、医療費支出、技術革新、政府の医療政策、保険制度改革を評価。	156.82	-0.0028057645708454704	157.26	-0.002607147399211529	0.008012209080503596	0.015388528551443348	0.011827546737886219	0.016851074653440046	0.011128068167366112	0.06905761159862633	157.67	156	154.84	155.4	154.61	155.51	146.4
65	Industrial Select Sector SPDR Fund	XLI	株式	米国株式	セクター	資本財	資本財（航空宇宙、建設、機械、運輸など）セクターのS&P 500構成銘柄に投資。	設備投資、製造業の景気動向、サプライチェーン、グローバル貿易の健全性を評価。	177.23	0.005021723184562399	176.34	0.007372122036974127	0.02035839854825905	0.045196778949756156	0.07264375637972098	0.15146875354428946	0.10411704661449483	0.2130543268685493	175.04	172.75	168.37	163.53	149.63	157.98	138.77
66	Materials Select Sector SPDR Fund	XLB	株式	米国株式	セクター	素材	素材（化学、金属、鉱業、建設資材など）セクターのS&P 500構成銘柄に投資。	グローバル景気循環、商品価格、製造業の生産活動、インフレ圧力を評価。	52.96	0.002454682779456263	52.83	-0.0035964414158622393	0	0.044103728941889075	0.08782888510316111	0.18266136664773802	0.12701116789702827	0.1489683891728184	53.02	52.83	50.5	48.19	43.18	46.12	44.96
67	Real Estate Select Sector SPDR Fund	XLRE	株式	米国株式	セクター	不動産	不動産（REITなど）セクターのS&P 500構成銘柄に投資。	金利動向、不動産市場の需給、都市化、人口動態の変化、景気循環を評価。	43.56	0.008264462809917328	43.2	-0.003472222222222099	0.007638888888888973	0.04560185185185195	0.04166666666666674	0.05324074074074081	0.06527777777777777	0.021064814814814925	43.35	42.87	41.23	41.4	40.9	40.38	42.29
68	SPDR S&P Regional Banking ETF	KRE	株式	米国株式	セクター	地方銀行	米国の地域銀行に投資。地方経済の健全性や金利変動の影響を強く受ける。	地域経済の健全性、イールドカーブのスティープ化/フラット化、銀行セクターのリスク選好度を評価。	71.9	0.012656467315716458	70.99	-0.005493731511480471	0.0040850824059726065	-0.018453303282152556	0.05676855895196509	0.13213128609663327	0.08099732356669953	0.09536554444287926	71.38	70.7	72.3	66.96	61.61	65.24	64.22
69	iShares U.S. Home Construction ETF	ITB	株式	米国株式	セクター	住宅建設	米国の住宅建設業者、住宅関連製品メーカー、住宅小売業者に投資。	住宅市場の健全性、金利動向（住宅ローン金利）、消費者心理、労働市場を評価。	110.91	0.005499954918402272	110.3	-0.016319129646418906	-0.01903898458748876	0.019129646418857615	0.04342701722574793	0.10734360834088852	0.11613780598368084	0.08866727107887584	112.1	112.4	108.19	105.51	98.46	97.49	100.52
70		IYT							82.4	0.01650485436893201	81.04	-0.009501480750246705	0.021100691016781914	0.004689042448173808	0.06206811451135241	0.13585883514313923	0.07058242843040485	0.10587364264560728	81.81	79.33	80.66	76.01	70.03	75.32	72.46
71	Artificial Intelligence & Technology ETF	AIQ	株式	テーマ	AI・テクノロジー		人工知能（AI）技術の開発・応用を行う企業に投資。	技術革新の加速、生産性向上、労働市場への影響といった長期トレンドを評価。	49.88	0.00942261427425839	49.41	-0.002833434527423684	0.004047763610605104	0.0190244889698441	-0.030965391621129434	0.03663226067597647	-0.040882412467111884	0.14045739728799833	49.55	49.21	48.47	50.94	47.6	51.43	42.47
72	Cloud Computing ETF	CLOU	株式	テーマ	クラウドコンピューティング		クラウドコンピューティング関連サービス（SaaS, PaaS, IaaS）を提供する企業に投資。	デジタル変革、リモートワーク、ITインフラ投資といった長期トレンドを評価。	18.93	-0.020602218700475516	19.32	-0.0036231884057971175	0.009834368530020732	0.02122153209109734	-0.0714285714285714	-0.1490683229813663	-0.14337474120082816	-0.32815734989648027	19.39	19.13	18.91	20.7	22.2	22.09	25.66
73	FinTech ETF	FINX	株式	テーマ	フィンテック		金融サービスとテクノロジーの融合（決済、貸付、資産運用など）を行う企業に投資。	金融業界のデジタル変革、決済システムの革新、新興市場での金融包摂を評価。	23.81	-0.0012599748005039935	23.84	-0.002097315436241587	0.04320469798657722	0.007550335570469802	-0.1912751677852349	-0.20595637583892623	-0.2365771812080537	-0.38129194630872476	23.89	22.81	23.66	28.4	28.75	29.48	32.93
74	E-Commerce ETF	EBIZ	株式	テーマ	Eコマース		オンライン小売、デジタル決済、ECプラットフォーム関連企業に投資。	消費行動の変化、デジタル化の進展、グローバルサプライチェーンの変化を評価。	29.15	0.012349914236706616	28.79	-0.006599513720041639	0.003820771101076703	-0.039249739492879465	-0.12365404654393886	-0.08127822160472387	-0.13546370267453978	-0.09829802014588407	28.98	28.68	29.92	32.35	31.13	32.69	31.62
75	Cybersecurity ETF	BUG	株式	テーマ	サイバーセキュリティ		サイバーセキュリティ製品・サービスを提供する企業に投資。	デジタル化の加速とサイバー攻撃リスクの増大というマクロトレンドを捉え、セキュリティ市場の成長を評価。	25.57	-0.052014078998826596	26.9	-0.004832713754646889	-0.008550185873605898	0.02379182156133819	-0.08289962825278807	-0.15353159851301124	-0.10594795539033464	-0.35985130111524155	27.03	27.13	26.26	29.13	31.03	29.75	36.58
76	ETFMG Prime Cyber Security ETF	HACK	株式	テーマ	サイバーセキュリティ		既存のBUGに追加で、より広範なサイバーセキュリティ企業に投資。業界の成長とリスクを評価。	デジタル化の加速とサイバー攻撃リスクの増大というマクロトレンドを捉え、セキュリティ市場の成長を評価。	74.17	-0.03141431845759746	76.5	-0.005620915032679807	0.009411764705882342	0.04732026143790857	-0.012287581699346406	-0.05542483660130704	-0.036470588235294255	-0.07163398692810463	76.93	75.78	72.88	77.44	80.74	79.29	81.98
77	iShares Cybersecurity and Tech ETF	IHAK	株式	テーマ	サイバーセキュリティ		HACKとBUGと同様にサイバーセキュリティに焦点を当てるが、異なるアプローチ。多様なエクスポージャー。	セクター内の多様な投資機会と、異なる指数構成による比較分析を可能にする。	43.27	-0.032586087358446925	44.68	0.003357206803939139	0.005819158460161122	0.029767233661593506	-0.06110116383169206	-0.07632050134288271	-0.059758281110116496	-0.1765890778871979	44.53	44.42	43.35	47.41	48.09	47.35	52.57
78	Blockchain ETF	BKCH	株式	テーマ	ブロックチェーン		ブロックチェーン技術の開発・活用を行う企業（マイニング、ハードウェア、サービス）に投資。	デジタル経済の進化、金融システムの変化、データセキュリティの動向を評価。	61.61	-0.02824216847914296	63.35	0.008997632202052075	0.017205998421468083	0.13243883188634575	-0.22872928176795582	-0.04009471191791625	-0.11286503551696914	0.16022099447513805	62.78	62.26	54.96	77.84	65.89	70.5	53.2
79	Social Media ETF	SOCL	株式	テーマ	ソーシャルメディア		ソーシャルメディアプラットフォーム、広告、関連技術企業に投資。	デジタル広告市場の成長、情報流通の変化、消費者の行動様式の変化を評価。	50.22	0.00915969733174038	49.76	-0.002411575562700996	-0.001004823151125489	-0.02813504823151125	-0.10932475884244375	-0.07053858520900325	-0.14067524115755625	0.009244372990353744	49.88	49.81	51.16	55.2	53.27	56.76	49.3
80	ARK Innovation ETF	ARKK	株式	テーマ	イノベーション	ディスラプティブ・イノベーション	AI、ロボティクス、ゲノミクスなど、既存の業界を破壊する技術に投資する積極運用型ETF。マクロ経済の変化の最先端を捉える。	長期的な技術革新と、それが様々な産業にもたらすディスラプションを評価。高成長分野への集中投資。	7.58	0.0013192612137202797	7.57	-0.003963011889035473	0.05680317040951133	0.05019815059445176	-0.11756935270805813	0.005284015852047519	-0.0779392338177014	0.09379128137384407	7.6	7.14	7.19	8.46	7.53	8.16	6.86
81	Robotics & Artificial Intelligence ETF	BOTZ	株式	テーマ	ロボティクス・AI		ロボティクス、人工知能、自動化関連企業に投資。	労働力不足、生産性向上、製造業の変革といった長期トレンドを評価。	39.02	0.009738595592004184	38.64	0.007246376811594235	0.017598343685300222	0.07427536231884047	0.03804347826086951	0.13328157349896474	0.049948240165631486	0.11154244306418226	38.36	37.96	35.77	37.17	33.49	36.71	34.33
82	Autonomous & Electric Vehicles ETF	DRIV	株式	テーマ	自動運転・EV		自動運転車、電気自動車、関連技術（バッテリー、センサーなど）企業に投資。	エネルギー転換、環境政策、都市化、インフラ投資といった長期トレンドを評価。	32.6	0.005521472392638005	32.42	-0.007094386181369483	0.0012338062924120985	0.031462060456508456	0.012646514497224093	0.14096236890808145	0.06045650832819249	0.25601480567550894	32.65	32.38	31.4	32.01	27.85	30.46	24.12
83	Lithium and Battery Tech ETF	LIT	株式	テーマ	リチウム・バッテリー		リチウム採掘、バッテリー製造、電気自動車関連技術企業に投資。	EV革命、再生可能エネルギー貯蔵、バッテリー技術の進歩を評価。	73.12	-0.00013676148796482046	73.13	-0.009708737864077888	0.01887050458088335	0.06960207849035949	0.04280049227403249	0.175577738274306	0.09380555175714478	0.42239846848078755	73.84	71.75	68.04	70	60.29	66.27	42.24
84	Defiance Quantum ETF	QTUM							117.28	0.00392223738062758	116.82	-0.0011984249272385394	0.00881698339325443	0.05726759116589619	0.005820921075158303	0.1316555384351994	0.03800719054956336	0.26938880328710835	116.96	115.79	110.13	116.14	101.44	112.38	85.35
85		HERO							27.29	0.0007328691828508704	27.27	0.0011001100110011874	-0.011367803447011271	0.005133846718005208	-0.10524385771910527	-0.11734506784011733	-0.10487715438210476	0.0205353868720205	27.24	27.58	27.13	30.14	30.47	30.13	26.71
86	Defense Tech ETF	SHLD	株式	テーマ	防衛テクノロジー		防衛産業における革新的なテクノロジー（AI、サイバー、宇宙）に焦点を当てる。	地政学リスクの高まり、国家安全保障への投資増加、新技術の軍事転用を評価。	75.46	-0.0034455340577790317	75.72	0.020206022187004735	0.06141045958795566	0.06273111463285785	-0.017036450079239485	0.18964606444796617	0.1226888536714209	0.4392498679344955	74.19	71.07	70.97	77.01	61.36	66.43	42.46
87	iShares U.S. Aerospace & Defense ETF	ITA	株式	米国株式	セクター	航空宇宙・防衛	米国の航空宇宙および防衛産業の企業に投資。	政府の防衛予算、地政学リスク、航空交通量、サプライチェーンの動向を評価。	243.65	0.0006566796634516203	243.49	0.013019015154626556	0.045012115487289006	0.0710912152449793	0.02295782167645488	0.1858803236272537	0.0882171752433365	0.3660109244732843	240.32	232.53	226.18	237.9	198.23	222.01	154.37
88	Invesco Aerospace & Defense ETF	PPA	株式	米国株式	セクター	航空宇宙・防衛	Dow Jones U.S. Aerospace & Defense Indexに連動する。ITA、XARと同様のセクター。	ITAと同様に、政府の防衛予算、地政学リスク、航空交通量などを評価。	180.62	-0.00321116155464507	181.2	0.013962472406180981	0.03984547461368648	0.06379690949227379	0.024448123620308904	0.19271523178807937	0.11065121412803525	0.3504415011037527	178.67	173.98	169.64	176.77	146.28	161.15	117.7
89	SPDR S&P Aerospace & Defense ETF	XAR	株式	米国株式	セクター	航空宇宙・防衛	S&P Aerospace & Defense Select Industry Indexに連動する。ITAと同様のセクター。	ITAと同様に、政府の防衛予算、地政学リスク、航空交通量などを評価。	282.01	-0.008687635190241405	284.46	0.021584757083596973	0.05898896154116562	0.08816705336426911	0.0014061730999085365	0.2263235604302889	0.1197356394572171	0.40613794558110095	278.32	267.68	259.38	284.06	220.08	250.4	168.93
90	Genomics & Biotechnology ETF	GNOM	株式	テーマ	ゲノム・バイオテクノロジー		ゲノム編集、遺伝子治療、バイオテクノロジー関連企業に投資。	医療の進化、個別化医療の進展、健康寿命の延伸といった長期トレンドを評価。	46.98	-0.005747126436781658	47.25	0.006349206349206327	0.038941798941799055	0.04550264550264549	-0.024338624338624326	0.07661375661375658	0.03343915343915338	0.1390476190476191	46.95	45.41	45.1	48.4	43.63	45.67	40.68
91	HealthTech ETF	HEAL	株式	テーマ	ヘルステック		デジタルヘルス、遠隔医療、医療ITソリューションを提供する企業に投資。	ヘルスケア産業のデジタル化、医療アクセスの向上、高齢化社会の課題解決を評価。	26.45	-0.0022684310018903364	26.51	0.003017729158808047	0.05054696341003395	0.007544322897020117	-0.1312712184081477	-0.1335345152772538	-0.10524330441342888	-0.3398717465107508	26.43	25.17	26.31	29.99	30.05	29.3	35.52
92	iShares Biotechnology ETF	IBB	株式	米国株式	セクター	バイオテクノロジー	米国のバイオテクノロジー企業の株式に投資。研究開発、新薬承認、特許動向が重要。	医療技術革新、医薬品規制、人口動態（高齢化）、ヘルスケア支出の動向を評価。	174.39	-0.0036699352027067533	175.03	0.0015425926983946292	0.02508141461463753	0.028509398388847695	0.02462435011140951	0.04290693024053016	0.03445123693081187	0.20733588527680968	174.76	170.64	170.04	170.72	167.52	169	138.74
93	SPDR S&P Biotech ETF	XBI	株式	米国株式	セクター	バイオテクノロジー（小型）	S&P Biotechnology Select Industry Indexに連動。IBBより小型株比率が高い傾向。	医療分野の小型成長株に特化し、特定のニッチ技術や新薬開発の動向を追う。	124.78	-0.01570764545600256	126.74	0.008994792488559278	0.028089001104623534	0.04749881647467258	0.011440744831939353	0.0796118036925989	0.04118668139498183	0.2699226763452738	125.6	123.18	120.72	125.29	116.65	121.52	92.53
94	Range Nuclear Renaissance Index ETF	NUKZ							72.44	0.008834897846493606	71.8	0.007520891364902416	0.02660167130919211	0.06977715877437318	0.029805013927576618	0.13342618384401117	0.07994428969359324	0.327158774373259	71.26	69.89	66.79	69.66	62.22	66.06	48.31
95	iShares Global Clean Energy ETF	ICLN	株式	テーマ	クリーンエネルギー	グローバルクリーンエネルギー	世界の再生可能エネルギー企業（太陽光、風力、水力など）に幅広く投資。	地球温暖化対策、エネルギー転換、政府の補助金政策、技術革新の進展を評価。	18.91	0.005288207297726166	18.81	-0.011695906432748648	0.02286018075491758	0.03721424774056348	0.06804891015417314	0.14566719829877717	0.09090909090909072	0.3944710260499733	19.03	18.38	18.11	17.53	16.07	17.1	11.39
96	Uranium ETF	URA	株式	テーマ	ウラン		ウラン採掘・生産企業に投資。原子力エネルギーの需要に連動。	原子力発電の再評価、エネルギー安全保障、供給側リスク（主要生産国）を評価。	54.36	0.008094186902133926	53.92	0.01724777448071213	0.040244807121661785	0.08920623145400597	-0.0037091988130562026	0.22867210682492578	0.14577151335311567	0.4922106824925816	52.99	51.75	49.11	54.12	41.59	46.06	27.38
97	Hydrogen ETF	HYDR	株式	テーマ	水素エネルギー		水素製造、貯蔵、燃料電池など水素エコノミー関連企業に投資。	脱炭素化、エネルギー転換、新エネルギー技術の開発と普及の進捗を評価。	38.7	0.012661498708010366	38.21	0.0034022507197069007	0.03585448835383398	0.07327924627060989	-0.006281078251766603	0.09918869405914676	0.11332112012562157	0.4135043182412981	38.08	36.84	35.41	38.45	34.42	33.88	22.41
98	Invesco Solar ETF	TAN	株式	テーマ	太陽光発電		太陽光発電技術、設備、サービスを提供する企業に投資。	クリーンエネルギー転換、補助金政策、技術コストの低下、電力市場の変化を評価。	59.77	0.02091350175673412	58.52	-0.03263841421736147	0.028366370471633706	0.04596719070403288	0.1201298701298702	0.2149692412850308	0.11825017088174983	0.39336978810663026	60.43	56.86	55.83	51.49	45.94	51.6	35.5
99	Clean Water ETF	AQWA	株式	テーマ	クリーンウォーター		水処理、水インフラ、水質分析など水関連事業を行う企業に投資。	気候変動、人口増加、水資源不足といった長期的なグローバル問題とその解決策への投資。	20.56	-0.0014591439688715901	20.59	-0.0019426906265176402	-0.002428363283147217	0.025254978144730433	0.056823700825643475	0.08305002428363284	0.0796503156872268	0.15298688683827089	20.63	20.64	20.07	19.42	18.88	18.95	17.44
100	Invesco Water Resources ETF	PHO	株式	テーマ	クリーンウォーター		AQWAと同様に水資源関連企業に投資。水不足問題への対応と技術革新。	気候変動と人口増加による水資源の課題への投資、関連技術の進歩を評価。	72.9	0.0004115226337448874	72.87	0.0016467682173734177	0.010017839989021615	0.0005489227391245466	0.0030190750651845066	0.02785782901056677	0.027446136956223444	0.0720461095100865	72.75	72.14	72.83	72.65	70.84	70.87	67.62
101	Renewable Energy Producers ETF	RNRG	株式	テーマ	再生可能エネルギー生産		再生可能エネルギーを実際に生産・販売する企業に焦点を当てる。	再生可能エネルギーの普及状況、電力市場の変化、インフラ投資の動向を評価。	37.23	0.002954606500134238	37.12	-0.0053879310344828735	0.0008081896551722645	0.04337284482758619	0.07354525862068961	0.11934267241379315	0.08728448275862055	0.30980603448275856	37.32	37.09	35.51	34.39	32.69	33.88	25.62
102	MLP & Energy Infrastructure ETF	MLPX	株式	テーマ	エネルギーインフラ		エネルギー輸送、貯蔵、加工などインフラ関連事業を行うMLP（マスターリミテッドパートナーシップ）に投資。	米国のエネルギー生産と輸出、エネルギー供給網の安定性、金利環境の変化を評価。	70.02	0.006998000571265317	69.53	0.004889975550122272	0.022004889975550168	0.043003020279016146	0.11103120954983459	0.14224075938443836	0.1202358694088882	0.09046454767726164	69.19	68	66.54	61.81	59.64	61.17	63.24
103	U.S. Infrastructure Development ETF	PAVE	株式	テーマ	インフラ開発	米国インフラ開発	米国のインフラ開発（建設、素材、輸送、公益事業）に焦点を当てた企業に投資。	米国の財政政策、景気刺激策、インフラ老朽化対策といったマクロテーマを評価。	51.68	0.001547987616099089	51.6	-0.0013565891472868685	0.0025193798449613114	0.04282945736434107	0.0794573643410853	0.16841085271317835	0.11879844961240316	0.2449612403100775	51.67	51.47	49.39	47.5	42.91	45.47	38.96
104	iShares ESG Aware MSCI USA ETF	ESGU	株式	テーマ	ESG	米国ESG	米国の大・中型株の中から、高いESG（環境・社会・ガバナンス）評価を持つ企業に投資。	持続可能な投資トレンドの主流化、企業のESGパフォーマンスが長期的な企業価値に与える影響を評価。	149.94	0.0071361878084567065	148.87	-0.0024853899375294475	0.006582924699402248	0.011688049976489645	0.00879962383287436	0.03231006918788204	-0.0021495264324578045	0.0987438704910325	149.24	147.89	147.13	147.56	144.06	149.19	134.17
105									0	0	1	0	0	0	0	0	0	0	1	1	1	1	1	1	1
106	Vanguard Total World Stock ETF	VT	株式	グローバル株式	広範市場	全世界株式	米国を含む全世界の大型・中型・小型株に分散投資。世界経済全体の成長を捉える。	世界経済全体の景気動向を捉え、広範な分散投資により特定地域の偏りを避ける。グローバルGDP成長率と連動性が高い。	147.95	0.008583981074687275	146.68	-0.0022497954731386383	0.004908644668666473	0.02256613035178623	0.028838287428415765	0.07178892827924732	0.031224434142350765	0.155849468230161	147.01	145.96	143.37	142.45	136.15	142.1	123.82
107	Vanguard Total Stock Market ETF	VTI	株式	米国株式	広範市場	米国全市場株式	米国株式市場全体（大型、中型、小型）をカバーする広範なETF。	米国経済全体の健全性、包括的な市場パフォーマンスを評価する上で中心的なツール。	340.27	0.0061127927822023365	338.19	-0.001892427333747282	0.006446080605576721	0.012685176971524936	0.009107306543658877	0.04255004583222444	0.005559005292882668	0.10369910405393412	338.83	336.01	333.9	335.11	323.8	336.31	303.12
108	Vanguard FTSE Developed Markets ETF	VEA	株式	国際株式	広範市場	先進国株式（除く米国）	米国を除く先進国の株式市場（欧州、アジア太平洋、カナダなど）に幅広く分散投資。	米国市場に依存しない分散投資として有効。各国の景気サイクル、金融政策、企業収益動向を総合的に評価。	69.52	0.01050057537399296	68.79	-0.00029073993312977997	0.004215729030382365	0.04201192033725831	0.06570722488733838	0.13112370984154675	0.0812618113097835	0.25265300188980966	68.81	68.5	65.9	64.27	59.77	63.2	51.41
109	Vanguard FTSE Emerging Markets ETF	VWO	株式	新興国株式	広範市場	新興国株式	新興国の大型・中型株に幅広く分散投資。グローバル経済成長の主要なドライバー。	新興国経済の成長見通し、コモディティ価格動向、米ドル相場、地政学的リスクを評価。	58.53	0.0160601400990944	57.59	-0.006251085257857225	-0.0029519013717658193	0.02691439486021885	0.03559645771835396	0.07848584823754134	0.04618857440527879	0.20177114082305958	57.95	57.76	56.04	55.54	53.07	54.93	45.97
110	iShares MSCI Emerging Markets Small-Cap ETF	EEMS	株式	新興国株式	小型株	新興国小型株	新興国の小型株に投資。国内需要の成長や、新興市場の成熟度を反映。	新興国経済の国内成長力、内需主導型経済へのシフト、通貨の安定性などを評価。高いリスクと高いリターンの潜在力。	74.96	0.01547491995731054	73.8	-0.0005420054200542257	0.004607046070460696	0.03265582655826549	0.06341463414634141	0.09742547425474257	0.07547425474254732	0.21910569105691047	73.84	73.46	71.39	69.12	66.61	68.23	57.63
111	SPDR Euro Stoxx 50 ETF	FEZ	株式	特定国/地域株式	ヨーロッパ（広範）	ユーロ圏（大型株）	ユーロ圏の主要50銘柄（大型株）に投資。ユーロ圏経済の主要なバロメーター。	ユーロ圏の主要企業のパフォーマンス、景気回復の牽引役、特定のセクターの集中度合いを評価。	68.7	0.013391557496361006	67.78	-0.007229271171437013	0.0013278253172027688	0.02390085570964895	0.03658896429625269	0.09914429035113603	0.03555621127176156	0.1969607553850694	68.27	67.69	66.16	65.3	61.06	65.37	54.43
112	iShares MSCI Eurozone ETF	EZU	株式	特定国/地域株式	ヨーロッパ（広範）	ユーロ圏	ユーロを使用する国々（ユーロ圏）の株式市場に投資。ECBの金融政策と直接連動。	ユーロ圏経済の健全性、ECBの金融政策の効果、域内国の統合度合いを評価。	68.68	0.012667443214909757	67.81	-0.004571597109571002	0.0026544757410412734	0.02433269429287721	0.042471611856658265	0.10367202477510695	0.04129184486063997	0.22474561274148352	68.12	67.63	66.16	64.93	60.78	65.01	52.57
113									0	0	1	0	0	0	0	0	0	0	1	1	1	1	1	1	1
114	iShares MSCI Japan ETF	EWJ	株式	特定国/地域株式	アジア	日本	日本の大・中型株に投資。世界第3位の経済大国。	日本経済の成長、日銀の金融政策、輸出動向、企業ガバナンス改革、高齢化社会の課題を評価。	91.47	0.002951787471301981	91.2	-0.0019736842105262387	-0.02379385964912273	0.05592105263157909	0.08201754385964921	0.10975877192982464	0.10822368421052642	0.2366228070175438	91.38	93.37	86.1	83.72	81.19	81.33	69.62
115	iShares MSCI Japan Small-Cap ETF	SCJ	株式	特定国/地域株式	アジア	日本（小型株）	日本の小型株に投資。国内景気への感応度が高い。	日本の内需主導の成長、中小企業の革新、地方経済の活性化を評価。	105.57	0.00350478355593431	105.2	0.004277566539923949	-0.006939163498098866	0.06749049429657805	0.0970532319391636	0.13925855513307994	0.12309885931558939	0.2804182509505704	104.75	105.93	98.1	94.99	90.55	92.25	75.7
116	iShares MSCI Canada ETF	EWC	株式	特定国/地域株式	北米	カナダ	カナダの大・中型株に投資。天然資源が豊富で、米国経済と密接に連動。	原油・天然ガス価格、米国の景気動向、カナダ銀行の金融政策、移民政策を評価。	57.16	0.007172848145556299	56.75	0.0051101321585902415	0.026255506607929524	0.04599118942731273	0.03524229074889873	0.11136563876651984	0.04511013215859039	0.25585903083700445	56.46	55.26	54.14	54.75	50.43	54.19	42.23
117	iShares MSCI Mexico Capped ETF	EWW	株式	特定国/地域株式	中南米	メキシコ	メキシコの大・中型株に投資。米国との貿易関係が非常に密接。	米国経済との連動性（ニアショアリング）、自動車産業、労働コスト、インフレと金融政策を評価。	81.23	0.01588083220485048	79.94	-0.0026269702276708884	0.0002501876407304815	0.03890417813360014	0.06667500625469103	0.17388041030773072	0.12859644733550168	0.3463847885914436	80.15	79.92	76.83	74.61	66.04	69.66	52.25
118	iShares MSCI Australia ETF	EWA	株式	特定国/地域株式	オセアニア	オーストラリア	オーストラリアの大・中型株に投資。コモディティ（鉄鉱石）輸出、中国経済との連動性が高い。	コモディティ価格、中国経済の成長、豪州準備銀行の金融政策、国内不動産市場を評価。	29.7	0.011111111111111072	29.37	0.0020429009193054792	0.009193054136874323	0.052093973442288055	0.09908069458631252	0.1375553285665646	0.09874021109976172	0.14742934967654076	29.31	29.1	27.84	26.46	25.33	26.47	25.04
119	iShares MSCI New Zealand ETF	ENZL	株式	特定国/地域株式	オセアニア	ニュージーランド	ニュージーランドの大・中型株に投資。農業、観光業が主要産業。	農業生産、観光業の回復、RBNZの金融政策、気候変動の影響を評価。オーストラリアとは異なる経済構造。	45.63	-0.008547008547008517	46.02	0.01673185571490665	-0.0312907431551499	-0.023685354193828667	-0.0015210777922642915	0.03672316384180796	0.011951325510647592	0.01781833985223813	45.25	47.46	47.11	46.09	44.33	45.47	45.2
120									0	0	1	0	0	0	0	0	0	0	1	1	1	1	1	1	1
121	iShares China Large-Cap ETF	FXI	株式	特定国/地域株式	アジア（広範）	中国（大型株）	中国のH株（香港上場中国企業）に投資。海外投資家にとってアクセスしやすい。	中国経済の大型優良企業へのエクスポージャー。グローバルな資本流入、香港市場の動向を評価。	38.81	0.005153311002319083	38.61	-0.002849002849002913	-0.0012950012950012635	0.010619010619010494	-0.006734006734006703	-0.002849002849002913	-0.031339031339031376	0.09220409220409231	38.72	38.66	38.2	38.87	38.72	39.82	35.05
122	iShares MSCI China A-Shares ETF	ECNS	株式	特定国/地域株式	アジア（広範）	中国（A株）	中国本土のA株（上海・深圳市場）に投資。国内投資家が中心。	中国国内市場の健全性、内需動向、人民元の変動、政府の金融政策をより直接的に評価。	36.55	0.007113543091655239	36.29	0.0013777900248000963	0.012124552218241824	0.052907136952328515	0.041884816753926635	0.05593827500688897	0.08018737944337273	0.23229539818131717	36.24	35.85	34.37	34.77	34.26	33.38	27.86
123	iShares MSCI China ETF	MCHI	株式	特定国/地域株式	アジア（広範）	中国	中国の大・中型株に投資。中国経済の広範な動向を反映。	中国の経済成長（GDP）、政策動向（不動産、テクノロジー規制）、米中関係、国内消費を評価。	61.01	0.0047533191280118015	60.72	-0.0037878787878788955	0.0023056653491436707	0.010210803689064463	-0.015316205533596916	-0.0032938076416337836	-0.02503293807641649	0.11511857707509887	60.95	60.58	60.1	61.65	60.92	62.24	53.73
124	KraneShares CSI China Internet ETF	KWEB	株式	特定国/地域株式	アジア（広範）	中国インターネット	中国のインターネット関連企業（Eコマース、オンラインゲーム、ソーシャルメディアなど）に投資。	中国のデジタル経済の成長、消費者動向、政府のテクノロジー規制、米中デカップリングの影響を評価。	32.7	-0.001529051987767538	32.75	-0.004274809160305315	-0.001221374045801582	-0.018931297709923633	-0.0677862595419847	-0.11328244274809163	-0.08793893129770991	-0.06809160305343509	32.89	32.79	33.37	34.97	36.46	35.63	34.98
125	iShares MSCI Hong Kong ETF	EWH	株式	特定国/地域株式	アジア（広範）	香港	香港の大・中型株に投資。国際金融ハブであり、中国経済の影響を強く受ける。	香港の金融市場の健全性、中国経済との連動性、政治的自由度（国家安全維持法）の影響を評価。	23.76	0.00757575757575768	23.58	0.0008481764206954567	0.01060220525869382	0.01060220525869382	0.05428329092451223	0.07972858354537737	0.07251908396946549	0.28286683630195075	23.56	23.33	23.33	22.3	21.7	21.87	16.91
126	iShares MSCI Taiwan ETF	EWT	株式	特定国/地域株式	アジア	台湾	台湾の大・中型株に投資。半導体産業が非常に強い。	グローバル半導体サイクル、テクノロジー需要、米中関係、地政学リスク（中国との関係）を評価。	74.38	0.022990051089002317	72.67	-0.00426585936424928	0.0015136920324755332	0.0661896243291592	0.08435392871886604	0.14958029448190457	0.10871060960506407	0.2691619650474749	72.98	72.56	67.86	66.54	61.8	64.77	53.11
127	iShares MSCI South Korea Capped ETF	EWY	株式	特定国/地域株式	アジア	韓国	韓国の大・中型株に投資。テクノロジー、製造業、輸出が経済の柱。	グローバルサプライチェーン、半導体サイクル、米中貿易関係、北朝鮮リスク、国内消費を評価。	141.88	0.04701155906399768	135.21	0.016862658087419602	0.03261593077435099	0.1109385400488131	0.1792766807188818	0.34013756378966054	0.24399082908068936	0.5689667923970121	132.93	130.8	120.21	110.97	89.22	102.22	58.28
128									0	0	1	0	0	0	0	0	0	0	1	1	1	1	1	1	1
129									0	0	1	0	0	0	0	0	0	0	1	1	1	1	1	1	1
130									0	0	1	0	0	0	0	0	0	0	1	1	1	1	1	1	1
131	iShares MSCI India ETF	INDA	株式	特定国/地域株式	アジア	インド	インドの大・中型株に投資。高成長が期待されるが、政治・経済リスクも伴う。	インドの人口動態、国内消費、技術革新、政府の経済改革、中国との関係を評価。	53.42	0.020965930363159968	52.3	-0.019502868068833612	-0.015487571701720881	-0.012428298279158811	0.010898661567877665	-0.03652007648183564	-0.043212237093690264	0.04856596558317394	53.32	53.11	52.95	51.73	54.21	54.56	49.76
132	iShares MSCI India Small-Cap ETF	SMIN	株式	特定国/地域株式	アジア	インド（小型株）	インドの小型株に投資。より高い成長潜在力を持つが、流動性とボラティリティが高い。	インド国内景気への感応度が高く、内需主導の成長を捉える。規制環境や市場の成熟度も考慮。	2704	0.017751479289940808	2656	0.005271084337349352	0.017319277108433728	0.04066265060240959	0.032379518072289115	0.09713855421686746	0.10692771084337349	0.21385542168674698	2642	2610	2548	2570	2398	2372	2088
133	iShares MSCI Singapore ETF	EWS	株式	特定国/地域株式	アジア	シンガポール	シンガポールの大・中型株に投資。金融、貿易、物流ハブとしての機能が強い。	グローバル貿易、地域経済の健全性、金融セクターの動向、地政学的な中立性を評価。	29.43	0.013931362555215765	29.02	0.007236388697450025	0.01274982770503108	0.03135768435561681	0.03893866299104065	0.04824259131633346	0.043762922122673964	0.18159889731219847	28.81	28.65	28.11	27.89	27.62	27.75	23.75
134	iShares MSCI Indonesia ETF	EIDO	株式	特定国/地域株式	アジア	インドネシア	インドネシアの大・中型株に投資。コモディティ価格と国内消費が経済の柱。	コモディティ価格動向、国内消費の拡大、インフラ投資、政治的安定性を評価。	18.06	0.012735326688815052	17.83	-0.002243409983174516	-0.0033651149747617737	0.017947279865395238	-0.07291082445316888	-0.030286034772854853	-0.054963544587773416	0.0022434099831744048	17.87	17.89	17.51	19.13	18.37	18.81	17.79
135	VanEck Vietnam ETF	VNM	株式	特定国/地域株式	アジア	ベトナム	ベトナムの大・中型株に投資。製造業の成長と外資誘致が特徴。	新興市場としての成長潜在力、製造業のサプライチェーン再編、労働力コスト、政治的安定性を評価。	19.29	0.027475375842405225	18.76	-0.0005330490405115462	0.013326226012793208	0.034115138592750616	-0.03997867803837951	0.05543710021321979	-0.018656716417910335	0.37260127931769726	18.77	18.51	18.12	19.51	17.72	19.11	11.77
136	iShares MSCI Philippines ETF	EPHE	株式	特定国/地域株式	アジア	フィリピン	フィリピンの大・中型株に投資。人口増加と国内消費が経済成長を牽引。	人口増加、インフラ投資、送金収入（OFW）、政治的安定性、米中関係を評価。	27.16	0.012150220913107579	26.83	0.001863585538576129	-0.004099888184867728	0.014163250093179203	0.030935519940365253	0.06597092806559823	0.05702571748043228	0.09168840849795001	26.78	26.94	26.45	26	25.06	25.3	24.37
137	iShares MSCI Malaysia ETF	EWM	株式	特定国/地域株式	アジア	マレーシア	マレーシアの大・中型株に投資。コモディティ、製造業、サービス業が経済の柱。	コモディティ価格、貿易動向、政府の経済政策、地政学リスク（南シナ海）を評価。	30.13	0.010288748755393207	29.82	0.005030181086519092	0.0036887994634473564	0.021462105969148215	0.06505700871898057	0.11837692823608326	0.08048289738430581	0.19114688128772628	29.67	29.71	29.18	27.88	26.29	27.42	24.12
138	iShares MSCI Thailand Capped ETF	THD	株式	特定国/地域株式	アジア	タイ	タイの大・中型株に投資。観光業と輸出が経済の柱。	観光業の回復、輸出動向、政府の経済政策、政治的安定性、中国との貿易関係を評価。	72.4	-0.004419889502762286	72.72	0.020077007700770033	0.037403740374037375	0.12197469746974698	0.1376512651265126	0.20434543454345433	0.17615511551155116	0.22483498349834985	71.26	70	63.85	62.71	57.86	59.91	56.37
139									0	0	1	0	0	0	0	0	0	0	1	1	1	1	1	1	1
140									0	0	1	0	0	0	0	0	0	0	1	1	1	1	1	1	1
141	iShares MSCI Germany ETF	EWG	株式	特定国/地域株式	ヨーロッパ	ドイツ	ドイツの大・中型株に投資。ユーロ圏最大の経済大国で、輸出志向が強い。	ユーロ圏経済の健全性、世界貿易動向、製造業の競争力、自動車産業の動向、エネルギー政策を評価。	44.32	0.009927797833934937	43.88	-0.005469462169553241	-0.001823154056517673	0.02370100273473108	0.030537830446672798	0.10209662716499557	0.03008204193254327	0.17821330902461252	44.12	43.96	42.84	42.54	39.4	42.56	36.06
142	iShares MSCI United Kingdom ETF	EWU	株式	特定国/地域株式	ヨーロッパ	イギリス	イギリスの大・中型株に投資。金融、エネルギー、消費財産業が強い。	Brexitの影響、BOEの金融政策、ポンド相場、インフレ動向、国際貿易関係を評価。	48.04	0.007493755203996644	47.68	-0.004194630872483174	0.01405201342281881	0.03649328859060408	0.06249999999999989	0.11786912751677847	0.06753355704697983	0.23154362416107377	47.88	47.01	45.94	44.7	42.06	44.46	36.64
143	iShares MSCI France ETF	EWQ	株式	特定国/地域株式	ヨーロッパ	フランス	フランスの大・中型株に投資。ユーロ圏の主要経済国で、ラグジュアリー、金融、航空宇宙が強い。	ユーロ圏経済の健全性、政府の改革努力、高級ブランド市場の動向、社会情勢を評価。	47.68	0.016149328859060508	46.91	-0.002558089959497023	0.00490300575570235	0.025154551268386283	0.050309102536772565	0.06864208057983368	0.03410786612662531	0.15327222340652313	47.03	46.68	45.73	44.55	43.69	45.31	39.72
144	iShares MSCI Switzerland ETF	EWL	株式	特定国/地域株式	ヨーロッパ	スイス	スイスの大・中型株に投資。製薬、金融、食品産業が強く、安全通貨としての地位も。	グローバル経済の不確実性時の安全資産需要、大手多国籍企業の業績、スイス国立銀行の政策を評価。	64.38	0.0034172103137620757	64.16	-0.0015586034912720148	0.01091022443890266	0.029925187032418865	0.06234413965087282	0.11642768079800503	0.05953865336658348	0.2072942643391521	64.26	63.46	62.24	60.16	56.69	60.34	50.86
145	iShares MSCI Italy ETF	EWI	株式	特定国/地域株式	ヨーロッパ	イタリア	イタリアの大・中型株に投資。ユーロ圏第3位の経済大国だが、高債務と政治リスクも。	ユーロ圏経済との連動、政府の財政健全化努力、政治的安定性、銀行セクターの課題を評価。	56.81	0.01619433198380571	55.89	-0.007693684022186398	-0.011272141706924366	0.003399534800500925	0.03345857935229912	0.07908391483270716	0.01306137054929335	0.2741098586509214	56.32	56.52	55.7	54.02	51.47	55.16	40.57
146	iShares MSCI Spain Capped ETF	EWP	株式	特定国/地域株式	ヨーロッパ	スペイン	スペインの大・中型株に投資。観光業、金融業、再生可能エネルギーが強い。	観光業の回復、ユーロ圏経済との連動、再生可能エネルギー政策、失業率の動向を評価。	57.02	0.015257804279200315	56.15	-0.012110418521816602	-0.00017809439002669514	0.01674087266251112	0.04131789848619771	0.11433659839715049	0.02582368655387346	0.3782724844167409	56.83	56.16	55.21	53.83	49.73	54.7	34.91
147	Global X MSCI Greece ETF	GREK	株式	特定国/地域株式	ヨーロッパ	ギリシャ	ギリシャの大・中型株に投資。過去の債務危機から経済再建途上。	観光業の回復、財政改革の進捗、EUからの支援、投資環境の改善、地政学リスクを評価。	70.9	-0.0019746121297601338	71.04	-0.02604166666666652	-0.035472972972972805	-0.05081644144144137	0.016328828828829023	0.09009009009009017	0.05067567567567577	0.39766328828828834	72.89	73.56	74.65	69.88	64.64	67.44	42.79
148	iShares MSCI Ireland Capped ETF	EIRL	株式	特定国/地域株式	ヨーロッパ	アイルランド	アイルランドの大・中型株に投資。多国籍企業の欧州拠点。	Brexitの影響、法人税制、テクノロジー・医薬品セクターの成長、経済の多様化を評価。	73.65	0.013577732518669339	72.65	-0.0034411562284928365	-0.008809359944941475	-0.021059876118375787	-0.004955264969029649	0.05106675843083286	-0.020096352374397775	0.18334480385409502	72.9	73.29	74.18	73.01	68.94	74.11	59.33
149	iShares MSCI Netherlands ETF	EWN	株式	特定国/地域株式	ヨーロッパ	オランダ	オランダの大・中型株に投資。貿易立国で、金融、物流、ハイテクが強い。	グローバル貿易、ユーロ圏経済、半導体産業の動向、国際企業の本拠地としての魅力度を評価。	63.18	0.008230452674897193	62.66	-0.00446856048515798	0.018033833386530418	0.03351420363868485	0.03223747207149685	0.10756463453558884	0.06415576125119693	0.22789658474305774	62.94	61.53	60.56	60.64	55.92	58.64	48.38
150	iShares MSCI Austria ETF	EWO	株式	特定国/地域株式	ヨーロッパ	オーストリア	オーストリアの大・中型株に投資。中央ヨーロッパのハブとしての役割。	中東欧経済との連携、観光業、銀行セクターの健全性、地政学リスクを評価。	39.01	0.004101512432709509	38.85	0.00205920205920207	0.00746460746460742	0.02882882882882898	0.08005148005148	0.19897039897039892	0.07902187902187907	0.39150579150579157	38.77	38.56	37.73	35.74	31.12	35.78	23.64
151	iShares MSCI Belgium ETF	EWK	株式	特定国/地域株式	ヨーロッパ	ベルギー	ベルギーの大・中型株に投資。ユーロ圏の中核国の一つ。	ユーロ圏経済の健全性、貿易動向、医薬品セクター、EU政策への感応度を評価。	27.37	-0.00219218122031406	27.43	-0.00036456434560716566	0.002916514764855882	0.03499817717827203	0.0867663142544659	0.13452424352898296	0.1082756106452788	0.30732774334670065	27.44	27.35	26.47	25.05	23.74	24.46	19
152	iShares MSCI Sweden ETF	EWD	株式	特定国/地域株式	ヨーロッパ	スウェーデン	スウェーデン大・中型株に投資。輸出志向が強く、イノベーションと社会保障が特徴。	グローバル貿易、イノベーション能力、中央銀行の金融政策、福祉国家モデルの持続可能性を評価。	54	0.011111111111111183	53.4	-0.0018726591760300781	-0.0003745318352059712	0.02883895131086145	0.05505617977528088	0.1374531835205992	0.07116104868913853	0.1840823970037453	53.5	53.42	51.86	50.46	46.06	49.6	43.57
153	iShares MSCI Norway ETF	ENOR	株式	特定国/地域株式	ヨーロッパ	ノルウェー	ノルウェーの大・中型株に投資。主要産油国で、水産業も盛ん。	原油・天然ガス価格、政府系ファンドの運用、水産業の成長、気候変動対策を評価。	34.38	0.013961605584642323	33.9	0.0020648967551623043	0.025663716814159243	0.07433628318584073	0.12772861356932153	0.20796460176991138	0.13421828908554567	0.2955752212389381	33.83	33.03	31.38	29.57	26.85	29.35	23.88
154	iShares MSCI Poland ETF	EPOL	株式	特定国/地域株式	ヨーロッパ	ポーランド	ポーランドの大・中型株に投資。中東欧最大の経済国で、EU域内供給網の重要な拠点。	EU経済との統合度、国内消費、製造業の成長、人件費上昇、地政学リスクを評価。	37.81	0.004231684739486985	37.65	-0.002124833997343867	-0.0069057104913679	0.007436918990703867	0.04807436918990693	0.12244355909694549	0.03718459495351922	0.30624169986719785	37.73	37.91	37.37	35.84	33.04	36.25	26.12
155	iShares MSCI Finland Capped ETF	EFNL	株式	特定国/地域株式	ヨーロッパ	フィンランド	フィンランドの大・中型株に投資。テクノロジー、林業、金属産業が特徴。	ユーロ圏経済との連動、技術革新、天然資源産業の動向、隣国（ロシア）との関係を評価。	51.38	0.007979758660957681	50.97	0.001961938395134366	0.01785363939572293	0.029429075927015935	0.06003531489111247	0.13341181086913867	0.04944084755738665	0.2999803806160486	50.87	50.06	49.47	47.91	44.17	48.45	35.68
156									0	0	1	0	0	0	0	0	0	0	1	1	1	1	1	1	1
157									0	0	1	0	0	0	0	0	0	0	1	1	1	1	1	1	1
158	iShares MSCI Turkey ETF	TUR	株式	特定国/地域株式	ヨーロッパ	トルコ	トルコの大・中型株に投資。高いインフレと金融政策の不安定さが特徴。	金融政策の信頼性、インフレ動向、地政学リスク（中東、ロシア）、観光業の回復を評価。	41.65	0.009363745498199294	41.26	-0.02787203102278224	-0.015753756665050966	0.014541929229277772	0.05792535142995636	0.18128938439166253	0.1536597188560348	0.160688317983519	42.41	41.91	40.66	38.87	33.78	34.92	34.63
159	iShares MSCI Israel ETF	EIS	株式	特定国/地域株式	中東・アフリカ	イスラエル	イスラエル大・中型株に投資。テクノロジー、イノベーションが強い。	テクノロジーセクターの成長、ベンチャー投資、地政学リスク、中東情勢を評価。	122.77	0.009204202981184295	121.64	-0.007809930943768473	-0.010933903321275862	0.02359421243012172	0.037898717527129255	0.17379151594870113	0.07925024662939828	0.31502795133179884	122.59	122.97	118.77	117.03	100.5	112	83.32
160	iShares MSCI Qatar ETF	QAT	株式	特定国/地域株式	中東・アフリカ	カタール	カタールの大・中型株に投資。天然ガス輸出国で、政府投資ファンドが強力。	天然ガス価格、政府の投資戦略、インフラ開発、地政学リスク、世界からの投資流入を評価。	19.84	-0.0010080645161290036	19.86	-0.012588116817723982	-0.011077542799597051	0.002014098690835797	0.007552870090634323	0.05941591137965763	0.05186304128902319	0.09013091641490434	20.11	20.08	19.82	19.71	18.68	18.83	18.07
161	iShares MSCI Saudi Arabia ETF	KSA	株式	特定国/地域株式	中東・アフリカ	サウジアラビア	サウジアラビアの大・中型株に投資。世界最大の産油国であり、経済改革（Vision 2030）を推進。	原油価格、政府の経済多角化政策、公共投資、地政学リスク、OPEC+の動向を評価。	38.63	0.012943308309603885	38.13	-0.02596380802517695	-0.021243115656962797	-0.02858641489640701	0.004982953055337136	-0.003933910306844979	0.035667453448728015	-0.10437975347495398	39.12	38.94	39.22	37.94	38.28	36.77	42.11
162	iShares MSCI South Africa ETF	EZA	株式	特定国/地域株式	中東・アフリカ	南アフリカ	南アフリカの大・中型株に投資。貴金属、資源が豊富だが、政治・社会リスクも。	コモディティ価格（金、プラチナ、石炭）、国内政治情勢、インフレ、不平等を評価。	77.25	0.02899676375404525	75.01	-0.007465671243833905	0.011465137981602425	0.04546060525263307	0.02093054259432081	0.13531529129449416	0.0747900279962671	0.383815491267831	75.57	74.15	71.6	73.44	64.86	69.4	46.22
163	iShares MSCI UAE ETF	UAE	株式	特定国/地域株式	中東・アフリカ	アラブ首長国連邦	アラブ首長国連邦の大・中型株に投資。観光、金融、貿易のハブ。	原油価格、観光業の回復、多角化戦略、地政学的な位置付け、投資環境を評価。	21.63	-0.00277392510402219	21.69	-0.024896265560165887	-0.009220839096357736	0.013831258644536715	0.07376671277086222	0.13877362840018448	0.11387736284001859	0.1908713692946058	22.23	21.89	21.39	20.09	18.68	19.22	17.55
164									0	0	1	0	0	0	0	0	0	0	1	1	1	1	1	1	1
165									0	0	1	0	0	0	0	0	0	0	1	1	1	1	1	1	1
166	Global X MSCI Argentina ETF	ARGT	株式	特定国/地域株式	中南米	アルゼンチン	アルゼンチンの大・中型株に投資。債務問題、インフレ、政治情勢が不安定要素。	経済改革の進展、インフレ動向、IMFとの交渉、政治的安定性といったハイリスク・ハイリターン要素を評価。	95.5	0.013507853403141423	94.21	0.03088844071754593	0.03099458656193599	0.028765523829741957	0.030676149028765587	0.09160386370873574	0.032692920072179166	0.09160386370873574	91.3	91.29	91.5	91.32	85.58	91.13	85.58
167	iShares MSCI Brazil ETF	EWZ	株式	特定国/地域株式	中南米	ブラジル	ブラジルの大・中型株に投資。コモディティ輸出国であり、国内消費も大きい。	コモディティ価格動向、政治的安定性、インフレ、中央銀行の金融政策、国内消費を評価。	39.37	0.019304038608077168	38.61	0.015022015022014945	0.0031080031080030768	0.04403004403004407	0.1292411292411293	0.17042217042217034	0.1660191660191659	0.3242683242683243	38.03	38.49	36.91	33.62	32.03	32.2	26.09
168	iShares MSCI Brazil Small-Cap ETF	EWZS	株式	特定国/地域株式	中南米	ブラジル（小型株）	ブラジルの小型株に投資。国内経済の健全性に敏感。	ブラジル国内市場の成長力、中小企業の状況、国内需要の動向を評価。	15.64	0.01534526854219953	15.4	0.019480519480519543	0.01558441558441559	0.04350649350649349	0.12532467532467528	0.13376623376623376	0.15519480519480522	0.2928571428571428	15.1	15.16	14.73	13.47	13.34	13.01	10.89
169	iShares MSCI Peru ETF	EPU	株式	特定国/地域株式	中南米	ペルー	ペルーの大・中型株に投資。銅、金など鉱業が経済の柱。	主要鉱物の価格動向、政治的安定性、投資環境、社会情勢を評価。	89.66	0.01706446575953602	88.13	0.017701123340519764	0.012481561329853563	0.03358674685124241	0.03801202768637235	0.32327243844320885	0.17496879609667537	0.5269488255985476	86.57	87.03	85.17	84.78	59.64	72.71	41.69
170									0	0	1	0	0	0	0	0	0	0	1	1	1	1	1	1	1
171	Vanguard Total Stock Market ETF	VTI	株式	米国株式	広範市場	米国全市場株式	米国株式市場全体（大型、中型、小型）をカバーする広範なETF。	米国経済全体の健全性、包括的な市場パフォーマンスを評価する上で中心的なツール。	340.27	0.0061127927822023365	338.19	-0.001892427333747282	0.006446080605576721	0.012685176971524936	0.009107306543658877	0.04255004583222444	0.005559005292882668	0.10369910405393412	338.83	336.01	333.9	335.11	323.8	336.31	303.12
172	Invesco S&P 500 Equal Weight ETF	RSP	株式	米国株式	主要指数	均等ウェイト	S&P 500構成銘柄に均等にウェイトをかける。大型株優位の指数とは異なる視点。	特定の大型株への集中リスクを避け、より広範な米国市場のパフォーマンスを反映。	204.09	0.00465480915282479	203.14	-0.0021167667618391395	0.01156837648912079	0.022546027370286437	0.034754356601358505	0.08555675888549763	0.05060549374815382	0.09993108201240519	203.57	200.79	198.56	196.08	185.76	192.86	182.84
173	ProShares Short QQQ	PSQ	株式	米国株式	逆張り/レバレッジ	Nasdaq 100（ショート）	日々のQQQのパフォーマンスの逆方向（ショート）を目指す。	テクノロジー株や成長株に対する弱気な見通しを反映。市場の過熱感やバブル崩壊に賭ける。	30.66	-0.00815394651011081	30.91	0.004205758654157177	-0.003558718861209842	-0.0090585571012618	0.010352636687156247	-0.026852151407311453	0.020705273374312494	-0.15399547072144948	30.78	31.02	31.19	30.59	31.74	30.27	35.67
174	ProShares Short S&P 500	SH	株式	米国株式	逆張り/レバレッジ	S&P 500（ショート）	日々のS&P 500のパフォーマンスの逆方向（ショート）を目指す。	広範な米国株式市場に対する弱気な見通しを反映。景気後退や市場調整時に利用。	35.9	-0.006685236768802394	36.14	0.002767017155506424	-0.003873824017708971	-0.00857775318206988	-0.006364139457664564	-0.04178195904814608	0.004150525733259469	-0.13087991145545086	36.04	36.28	36.45	36.37	37.65	35.99	40.87
175	Vanguard Dividend Appreciation ETF	VIG	株式	米国株式	スタイル別	配当成長株	継続的に配当を増やしてきた米国の企業に投資。	企業の財務健全性、安定したキャッシュフロー、インフレ耐性、長期的な成長見通しを評価。	227.57	0.0020213560662651897	227.11	-0.003698648232134172	0.0025978600678085995	0.010963850116683549	0.023072519924265844	0.05217735898903619	0.028664523799040165	0.09634098014178161	227.95	226.52	224.62	221.87	215.26	220.6	205.23
176	Vanguard Growth ETF	VUG	株式	米国株式	スタイル別	グロース株	高い収益成長が期待される米国の大型株に投資。	景気拡大期、低金利環境、技術革新のトレンド、リスク選好度の高い市場で有利。	465.04	0.008214347152933121	461.22	-0.002731885000650358	0.0023199340878540253	0.005073500715493728	-0.024608646632843234	-0.0188630154806817	-0.05416070421924446	0.0728719483110013	462.48	460.15	458.88	472.57	469.92	486.2	427.61
177	Vanguard High Dividend Yield ETF	VYM	株式	米国株式	スタイル別	高配当株	高い配当利回りを持つ米国の企業に投資。	インカムゲインの追求、市場の不安定期における防衛的な特性、金利感応度を評価。	155.56	0.002314219593726019	155.2	-0.002577319587628857	0.003930412371133896	0.020682989690721465	0.05560567010309281	0.09729381443298968	0.06726804123711339	0.12976804123711327	155.6	154.59	151.99	146.57	140.1	144.76	135.06
178	Vanguard Value ETF	VTV	株式	米国株式	スタイル別	バリュー株	割安と判断される米国の大型株に投資。	景気回復期、高金利環境、市場のバリュエーション調整局面で有利。	206.88	0.0036736272235111667	206.12	-0.002037647972054968	0.007325829613817114	0.017805162041529266	0.05040752959441108	0.10047545119347956	0.06457403454298472	0.13055501649524548	206.54	204.61	202.45	195.73	185.41	192.81	179.21
179	Invesco S&P 500 Pure Value ETF	RPV	株式	米国株式	スタイル別	バリュー（ピュア）	S&P 500の中から、より純粋なバリュー特性を持つ銘柄に焦点を当てる。	景気回復期や金利上昇局面でのバリュー優位性をより明確に捉える。	112.93	0.002302311166209159	112.67	-0.0056803053164107276	0.010561817697701259	0.021833673559953914	0.05848939380491702	0.12008520457974614	0.07277891186651286	0.1719179905919943	113.31	111.48	110.21	106.08	99.14	104.47	93.3
180	Nasdaq 100 Covered Call ETF	QYLD	株式	米国株式	特殊戦略	カバードコール	Nasdaq 100指数の構成銘柄を保有し、同時にコールオプションを売却することでインカムゲインを狙う。	インカム戦略。高い配当利回りが魅力だが、株価上昇の恩恵を制限し、株価下落への限定的な保護しか提供しない。	17.73	0.007896221094190636	17.59	-0.0034110289937463456	0.004548038658328535	0.014781125639568016	0.006253553155201819	0.015918135304150205	-0.0051165434906197405	-0.0693575895395111	17.65	17.51	17.33	17.48	17.31	17.68	18.81
181									0	0	1	0	0	0	0	0	0	0	1	1	1	1	1	1	1
182									0	0	1	0	0	0	0	0	0	0	1	1	1	1	1	1	1
183									0	0	1	0	0	0	0	0	0	0	1	1	1	1	1	1	1
184									0	0	1	0	0	0	0	0	0	0	1	1	1	1	1	1	1
185									0	0	1	0	0	0	0	0	0	0	1	1	1	1	1	1	1
186									0	0	1	0	0	0	0	0	0	0	1	1	1	1	1	1	1
187									0	0	1	0	0	0	0	0	0	0	1	1	1	1	1	1	1
188									0	0	1	0	0	0	0	0	0	0	1	1	1	1	1	1	1
189									0	0	1	0	0	0	0	0	0	0	1	1	1	1	1	1	1
190									0	0	1	0	0	0	0	0	0	0	1	1	1	1	1	1	1
191									0	0	1	0	0	0	0	0	0	0	1	1	1	1	1	1	1
192									0	0	1	0	0	0	0	0	0	0	1	1	1	1	1	1	1
193									0	0	1	0	0	0	0	0	0	0	1	1	1	1	1	1	1
194									0	0	1	0	0	0	0	0	0	0	1	1	1	1	1	1	1
195									0	0	1	0	0	0	0	0	0	0	1	1	1	1	1	1	1
196									0	0	1	0	0	0	0	0	0	0	1	1	1	1	1	1	1
197									0	0	1	0	0	0	0	0	0	0	1	1	1	1	1	1	1
198									0	0	1	0	0	0	0	0	0	0	1	1	1	1	1	1	1
199									0	0	1	0	0	0	0	0	0	0	1	1	1	1	1	1	1
200									0	0	1	0	0	0	0	0	0	0	1	1	1	1	1	1	1