NO	名称	Ticker	カテゴリ1	カテゴリ2	カテゴリ3	カテゴリ4	ETFの特徴	グローバルマクロ戦略の視点	Current	Per Yesterday	Yesterday	Two days before	7	14	30	90	0101	365	Two days before	7	14	30	90	0101	365
1	iShares 20+ Year Treasury Bond ETF	TLT	債券・金利関連アセット	米国債券	国債	長期国債	償還期間が20年以上の米国財務省証券に投資。金利変動への感応度が高い。	景気後退やデフレ懸念時の安全資産としての需要や、長期金利の方向性を捉える。Fedの金融政策やインフレ期待に敏感。	89.41	-0.002343216670796914	89.62	-0.0013402783293151117	-0.0034551666782881994	0.02136169439141896	0.02796928850055569	0.010313446671960566	0.029738315860045578	0.055039145968345624	89.53	89.72	87.54	86.98	88.5	86.83	84.75
2	Invesco QQQ Trust, Series 1	QQQ	株式	米国株式	主要指数	Nasdaq 100	Nasdaq 100指数に連動する。主にテクノロジーと成長株で構成される。	米国テクノロジーセクターの健全性、成長期待、リスクオン/オフの指標。金利上昇に敏感。	608.81	0.008848869230803464	603.47	0.004985258325144634	0.01144672854209912	-0.0013778837395702621	-0.012121164703006755	0.03308826156749472	-0.00895313444654692	0.13898628408225944	605.79	601.92	609.65	616.28	589.31	614.31	534.52
3	United States Oil Fund, LP	USO	コモディティ	エネルギー	原油	WTI原油	WTI原油先物契約の価格変動を反映。北米市場の原油価格指標。	米国のエネルギー需給、シェールオイル生産量、OPEC+の動向、米国の経済活動に影響。	80.85	-0.004187756584076132	81.19	0.018261925949328715	0.060745174222856795	0.050136390667027506	0.10239981607894458	0.16666659327182112	0.16902825611642217	0.03973760613428421	79.4	76.22	76.99	73.34	69.3	69.16	77.76
4	SPDR Gold Trust	GLD	コモディティ	貴金属	金	現物	現物金に投資することで、金価格に連動する。世界最大の金ETFの一つ。	景気不確実性、インフレヘッジ、実質金利の低下、米ドル安、地政学リスク時の安全資産としての需要を評価。	468.62	0.019714504323102237	459.56	0.022562617538258015	0.012969608022411837	0.028893874125071953	0.056402138569478226	0.2520907603416449	0.18245817164353226	0.7292889479492781	458.28	462.62	455.46	443.6	374.27	396.31	270.99
5	Invesco DB US Dollar Index Bullish Fund	UUP	通貨	主要通貨	米ドル		主要6通貨（ユーロ、円、ポンド、カナダドル、スウェーデンクローナ、スイスフラン）に対する米ドルの強弱に連動する。	米国の金融政策（Fed）、景気見通し、グローバルリスクオフ時の資金流入、国際貿易における米ドルの需要を評価。	27.09	-0.001106219974820467	27.12	0.0003692846717138154	0.010067131276506954	0.0029618631258103672	-0.006600671146103182	-0.013202130483054934	0.0022197360125124324	-0.03329225682246133	27.08	26.82	27.01	27.27	27.45	27.03	28.02
6	iShares 20+ Year Treasury Bond ETF	TLT	債券・金利関連アセット	米国債券	国債	長期国債	償還期間が20年以上の米国財務省証券に投資。金利変動への感応度が高い。	景気後退やデフレ懸念時の安全資産としての需要や、長期金利の方向性を捉える。Fedの金融政策やインフレ期待に敏感。	89.41	-0.002343216670796914	89.62	-0.0013402783293151117	-0.0034551666782881994	0.02136169439141896	0.02796928850055569	0.010313446671960566	0.029738315860045578	0.055039145968345624	89.53	89.72	87.54	86.98	88.5	86.83	84.75
7	Direxion Daily 20+ Year Treasury Bull 3X Shares	TMF	債券・金利関連アセット	米国債券	レバレッジ/特殊債券	レバレッジ長期国債	日々のTLTの3倍のパフォーマンスを目指すレバレッジ型ETF。高いリスクを伴う。	強気な長期金利低下見通し、またはデフレシナリオに賭ける際に使用。ボラティリティが高い市場で短期的な利益を狙う。	40.01	-0.007934626704506545	40.33	-0.004726428801001766	-0.010143490004586697	0.06240038458955488	0.07380569307247464	0.0014281863723063606	0.07207927783241785	0.012662944177727863	40.2	40.42	37.66	37.26	39.95	37.32	39.51
8	iShares 7-10 Year Treasury Bond ETF	IEF	債券・金利関連アセット	米国債券	国債	中期国債	償還期間が7～10年の米国財務省証券に投資。中期的な金利変動リスクを反映。	中期的な金利見通しに基づいた戦略。短期債と長期債の中間的なリスク・リターン特性を持つ。	97.09	0.0	97.09	0.0009277972978414948	-0.0012344691668781146	0.010617223340340645	0.016772075565224708	0.008461283839528736	0.012965481844313604	0.08253055887903495	97.0	97.21	96.07	95.49	96.28	95.85	89.69
9	iShares 1-3 Year Treasury Bond ETF	SHY	債券・金利関連アセット	米国債券	国債	短期国債	償還期間が1～3年の米国財務省証券に投資。金利変動リスクが低い。	キャッシュ代替としての利用や、短期金利（Fedの政策金利）の変動見通しに基づいた戦略。流動性ポジションの調整に。	82.99	0.00012044476297436044	82.98	0.00012044476297436044	-0.000842760617405969	0.0015688782580304303	0.004837743451795078	0.008649729891825986	0.0050803488451383865	0.049798946404849026	82.98	83.06	82.86	82.59	82.28	82.57	79.05
10	iShares iBoxx $ High Yield Corporate Bond ETF	HYG	債券・金利関連アセット	米国債券	社債	ハイイールド社債	米ドル建ての高利回り（ジャンク）社債に投資。信用リスクが高いが、景気回復期には良好なパフォーマンスを示す傾向。	景気サイクルに対するエクスポージャー。信用スプレッドの拡大/縮小は景気見通しや市場のリスク選好度を反映。	81.0	0.0007412596588094149	80.94	0.0011123017404184202	0.0018553064775495272	0.0023512244418579884	0.003456341302668941	0.022353761954491683	0.009554548045315709	0.0756193546060174	80.91	80.85	80.81	80.72	79.23	80.23	75.31
11	iShares iBoxx $ Investment Grade Corporate Bond ETF	LQD	債券・金利関連アセット	米国債券	社債	投資適格社債	米ドル建ての投資適格社債に投資。国債より利回りが高く、信用リスクも比較的低い。	企業クレジット市場の健全性や、金利動向と信用スプレッドの両方の影響を評価。経済成長への感応度も持つ。	111.59	-0.00080590944698435	111.68	0.0	0.0	0.009316197558262464	0.013054300059122384	0.01751037714460467	0.016455922017194306	0.08230540892826685	111.59	111.59	110.56	110.15	109.67	109.78	103.1
12	iShares TIPS Bond ETF	TIP	債券・金利関連アセット	米国債券	インフレ連動債	米国TIPS	米国財務省発行のインフレ連動債（TIPS）に投資。インフレ率に応じて元本と利息が調整される。	インフレヘッジとして活用。期待インフレ率の動向を読み、インフレ連動債の魅力度を評価する。実質金利の指標としても重要。	111.19	-0.0005393038974719101	111.25	0.000269870261862006	-0.0017954659245718013	0.004698692338163008	0.009716669707015877	0.007556729395252171	0.011645880599111877	0.0587180833157654	111.16	111.39	110.67	110.12	110.36	109.91	105.02
13	iShares Core U.S. Aggregate Bond ETF	AGG	債券・金利関連アセット	米国債券	総合債券	米国総合債券	米国の投資適格債券市場全体（国債、モーゲージ債、社債など）をカバーする広範なETF。	米国債券市場全体の健全性、金利動向、信用リスクの基準として使用。景気後退期の安全資産としての機能も評価。	100.9	0.00019829771020597173	100.88	0.0003965984065564078	-0.0008911411010427545	0.007690045876183754	0.012285665058026399	0.014498128859215881	0.013501899267367968	0.07503312442591102	100.86	100.99	100.13	99.68	99.46	99.56	93.86
14	VanEck J.P. Morgan EM Local Currency Bond ETF	EMLC	債券・金利関連アセット	国際債券	新興国債券	現地通貨建て新興国債券	新興国政府が現地通貨建てで発行する債券に投資。新興国の金利動向と為替変動の両方に影響される。	新興国の中央銀行政策やインフレ動向を評価し、為替変動も加味したトータルリターンを狙う。米ドル建てEM債とは異なるリスク・リターン特性。	26.47	0.003411681404514314	26.38	0.0011345982863439539	-0.0003776521546341154	0.005317105585039896	0.020819403442446583	0.05576249666220613	0.029912648281036465	0.1776446721304172	26.44	26.48	26.33	25.93	25.07	25.7	22.48
15	iShares J.P. Morgan USD Emerging Markets Bond ETF	EMB	債券・金利関連アセット	国際債券	新興国債券	新興国債券（USD建て）	米ドル建ての新興国政府債券に投資し、新興国の信用リスクと米ドル流動性を反映。	新興国の財政健全性、政治的安定性、成長見通しを評価。ドル高は不利に、コモディティ価格高騰は有利に働く傾向。	97.65	0.0010250996513863442	97.55	-0.00010241793831049619	0.002360946019879029	0.009928628195602867	0.01628405623014844	0.027992748653424042	0.018606272819633236	0.13184964290069534	97.66	97.42	96.69	96.09	94.99	95.87	86.27
17	Grayscale Bitcoin Trust ETF	GBTC	代替資産	暗号資産	ビットコイン		グレイスケール社が運用するビットコインを裏付けとした投資信託。現物ビットコインへの間接的なエクスポージャー。	新たな資産クラスとしての評価。デジタルゴールドとしての役割、技術革新、リスクオン/オフの指標、規制動向の把握。	52.81	0.00936547556049146	52.32	0.02265689383174378	-0.015289943660130468	-0.03331502213508944	-0.2492180249824179	-0.2017835784441479	-0.22747219277680716	-0.3230355092021684	51.64	53.63	54.63	70.34	66.16	68.36	78.01
18	Grayscale Ethereum Trust ETF	ETHE	代替資産	暗号資産	イーサリアム		グレイスケール社が運用するイーサリアムを裏付けとした投資信託。現物イーサリアムへの間接的なエクスポージャー。	ブロックチェーン技術の進化、分散型金融（DeFi）の成長、NFT市場の動向を評価。特定の技術トレンドへのエクスポージャー。	16.08	0.011957179123859605	15.89	0.017077767041318106	-0.035971245233343746	-0.040000004554862405	-0.34967316076756694	-0.2813839725344664	-0.3371157724368894	-0.29732543533178535	15.81	16.68	16.75	24.73	22.38	24.26	22.88
19	ProShares VIX Short-Term Futures ETF	VIXY	代替資産	ボラティリティ	VIX先物	短期VIX先物	S&P 500指数の今後30日間の予想変動率（VIX指数）の短期先物契約に連動。市場の不確実性や恐怖感を反映。	市場のストレスやリスクオフのセンチメントを直接的に捉える。ポートフォリオのヘッジや、市場の急落時に利益を狙う戦術的なツールとして利用。	27.4	-0.02317289255649866	28.05	0.0010960459765084621	-0.03214411390246974	0.02583304222045952	0.060371496003499364	-0.24413794155778556	0.06864275627059475	-0.32727719306461245	27.37	28.31	26.71	25.84	36.25	25.64	40.73
21	SPDR Gold Trust	GLD	コモディティ	貴金属	金	現物	現物金に投資することで、金価格に連動する。世界最大の金ETFの一つ。	景気不確実性、インフレヘッジ、実質金利の低下、米ドル安、地政学リスク時の安全資産としての需要を評価。	468.62	0.019714504323102237	459.56	0.022562617538258015	0.012969608022411837	0.028893874125071953	0.056402138569478226	0.2520907603416449	0.18245817164353226	0.7292889479492781	458.28	462.62	455.46	443.6	374.27	396.31	270.99
22	iShares Silver Trust	SLV	コモディティ	貴金属	銀	現物	現物銀に投資することで、銀価格に連動する。金と類似の貴金属特性に加え、工業用需要も高い。	金と同様の安全資産機能に加え、産業活動（太陽光発電、エレクトロニクス）の回復やインフレ期待を評価。	76.62	0.07900296354855689	71.01	0.09316602582216554	0.09896731791550763	0.09160849239951896	-0.08742253951796511	0.6913908175940577	0.18938225588956825	1.5582637994918747	70.09	69.72	70.19	83.96	45.3	64.42	29.95
23	United States Copper Index Fund	CPER	コモディティ	産業金属	銅		銅先物契約の価格変動を反映。景気循環に敏感な「ドクター・コッパー」と呼ばれる。	世界経済の成長、製造業の活動、インフラ投資、新興国の需要（特に中国）の主要な指標。	36.17	0.017726427608017434	35.54	0.01658224585518904	0.017154014963353267	-0.001931664080553266	0.013733123867110831	0.16414543045427435	0.034610958700226985	0.2442379961698182	35.58	35.56	36.24	35.68	31.07	34.96	29.07
24	abrdn Physical Platinum Shares ETF	PPLT	コモディティ	貴金属	プラチナ	現物	現物プラチナに投資。自動車触媒（ディーゼル車）、宝飾品、工業需要に影響される。	ディーゼル車販売の動向、宝飾品需要、供給国（南アフリカ）の状況、金・パラジウムとの価格差を評価。	196.49	0.0426638825954986	188.45	0.0381465686993364	0.0508611080485993	0.02713017437852341	-0.13172778239766886	0.4245632996953331	0.053961343199096144	1.19247935138741	189.27	186.98	191.3	226.3	137.93	186.43	89.62
25	abrdn Physical Palladium Shares ETF	PALL	コモディティ	貴金属	パラジウム	現物	現物パラジウムに投資。主に自動車触媒などの産業需要に左右される。	自動車産業の動向（特にガソリン車）、供給国（ロシア、南アフリカ）の状況、代替金属（プラチナ）との価格差を評価。	159.6	0.04368302389848495	152.92	0.018896876438974242	0.03994269130158554	0.030408720591563028	-0.054334288894970585	0.27987177232858307	0.09781263408379676	0.7812500984541024	156.64	153.47	154.89	168.77	124.7	145.38	89.6
26	VanEck Gold Miners ETF	GDX	コモディティ	貴金属	金鉱株		大手金鉱会社の株式に投資。金価格と連動するが、企業の収益性、生産コスト、経営リスクも考慮される。	金価格のレバレッジド・プレイ。金価格が上昇する局面で、マイニング企業の利益拡大を見込む。	106.26	0.019378399020123407	104.24	0.036076488550254325	0.022320566099005668	0.09107714141257939	0.04906704685340016	0.4532483194641651	0.23889479182835507	1.5338952361399032	102.56	103.94	97.39	101.29	73.12	85.77	41.94
27	VanEck Junior Gold Miners ETF	GDXJ	コモディティ	貴金属	中小金鉱株		中小規模の金・銀鉱会社の株式に投資。GDXより高いボラティリティを持つ。	高い成長潜在力を持つが、より大きなリスクを伴う金鉱株へのエクスポージャー。金価格の変動に非常に敏感。	142.01	0.029580236697649618	137.93	0.05922269522530926	0.04158719613643959	0.10462038895195286	0.053955682924777024	0.5458789302489173	0.24811035358066572	1.7677977538849619	134.07	136.34	128.56	134.74	91.86	113.78	51.31
28	United States Oil Fund, LP	USO	コモディティ	エネルギー	原油	WTI原油	WTI原油先物契約の価格変動を反映。北米市場の原油価格指標。	米国のエネルギー需給、シェールオイル生産量、OPEC+の動向、米国の経済活動に影響。	80.85	-0.004187756584076132	81.19	0.018261925949328715	0.060745174222856795	0.050136390667027506	0.10239981607894458	0.16666659327182112	0.16902825611642217	0.03973760613428421	79.4	76.22	76.99	73.34	69.3	69.16	77.76
29	United States Brent Oil Fund, LP	BNO	コモディティ	エネルギー	原油	ブレント原油	ブレント原油先物契約の価格変動を反映。世界基準となる原油価格指標の一つ。	世界的な需給バランス、地政学的リスク、OPEC+の動向、特に欧州・中東・アジアの経済活動に影響。	33.88	-0.003822324605516427	34.01	0.018334854281891563	0.06240206072605808	0.05808871279702249	0.1141072422924863	0.18793830730435598	0.19632773422335753	0.08104661465094486	33.27	31.89	32.02	30.41	28.52	28.32	31.34
30	United States Natural Gas Fund, LP	UNG	コモディティ	エネルギー	天然ガス		天然ガス先物契約の価格変動を反映。季節性や供給網の変化に影響される。	季節的な需給（暖房/冷房）、異常気象、エネルギー政策（特に欧州のガス依存度）が影響。	12.01	0.01779661311462187	11.8	0.01179446880139206	-0.034565865434556205	-0.09495103130495126	-0.11950147165786977	-0.18020474118710517	-0.020391516748185335	-0.44730784712911986	11.87	12.44	13.27	13.64	14.65	12.26	21.73
31	Invesco DB Commodity Index Tracking Fund	DBC	コモディティ	総合コモディティ	広範コモディティ		エネルギー、貴金属、農産物、産業金属など多様なコモディティ先物に分散投資。	インフレヘッジ、グローバル経済の景気循環、広範なコモディティ価格動向を評価する際の主要な指標。	24.6	0.0069586604244916365	24.43	0.016109100030788595	0.03015080594667874	0.024573100664871065	0.03578948974609375	0.1286257719358595	0.10017887790580632	0.10652471561702627	24.21	23.88	24.01	23.75	21.8	22.36	22.23
32	iShares S&P GSCI Commodity-Indexed Trust	GSG	コモディティ	総合コモディティ	S&P GSCI		エネルギー商品の比重が高いS&P GSCIコモディティ指数に連動。	エネルギー価格がインフレを牽引する局面で特に有効。コモディティ市場の広範な動向を捉える。	25.58	0.004318830518926897	25.47	0.015482309701468522	0.03478966966989211	0.026484744999658253	0.04836066900098002	0.12340796703779967	0.10928016115028509	0.10783888066969496	25.19	24.72	24.92	24.4	22.77	23.06	23.09
33	Invesco DB Energy Fund	DBE	コモディティ	エネルギー	エネルギーセクター		原油、暖房油、ガソリン、天然ガスなど複数のエネルギー商品を組み合わせたバスケットに投資。	広範なエネルギー市場の需給、OPEC政策、地政学的リスク、産業活動の指標として利用。	20.16	-0.003952565445193929	20.24	0.016129016752173694	0.054945013266602415	0.03971121619399044	0.07634812280433413	0.11364853065644141	0.15397828504786004	0.052649683681620665	19.84	19.11	19.39	18.73	18.1	17.47	19.15
34	Invesco DB Base Metals Fund	DBB	コモディティ	産業金属	ベースメタル		アルミニウム、亜鉛、銅、ニッケルなどの主要なベースメタル先物契約に投資。	広範な産業活動や製造業の景気動向を評価。グローバルな成長の初期段階で強い動きを見せる傾向。	23.82	0.011894595089509259	23.54	0.008040649208870019	0.010178107374668873	-0.0008389453706232789	0.0029473555715460527	0.14821480912397794	0.038360904109837335	0.24205363215856862	23.63	23.58	23.84	23.75	20.75	22.94	19.18
35	Invesco DB Agriculture Fund	DBA	コモディティ	農産物	農産物セクター		玉米、小麦、大豆、砂糖など複数の主要農産物先物に投資。	世界的な食料需要、気候変動（干ばつ、洪水）、地政学的リスク（輸出制限）、インフレ期待の指標。	26.03	0.005019346333203206	25.9	0.007352961800915025	0.00930592332680639	0.010089259769629001	0.018786750055503475	0.04206963788598609	0.019984334629064793	-0.034070161332561376	25.84	25.79	25.77	25.55	24.98	25.52	26.95
36	Teucrium Wheat Fund	WEAT	コモディティ	農産物	小麦		小麦先物契約の価格変動を反映。世界的な主食であり、地政学リスクの影響を受けやすい。	主要生産国（ロシア、ウクライナ、米国など）の天候、輸出政策、地政学リスクが影響。	22.17	0.016040347679415774	21.82	0.04872283426601541	0.05672071306112007	0.0710144569649643	0.10573570672834617	0.058233855318643744	0.11016528986399372	-0.1473076893733098	21.14	20.98	20.7	20.05	20.95	19.97	26.0
37	Teucrium Corn Fund	CORN	コモディティ	農産物	トウモロコシ		トウモロコシ先物契約の価格変動を反映。主要な飼料・バイオ燃料原料。	天候、バイオエタノール政策、中国の需要、ウクライナ情勢などの地政学リスクが影響。	17.62	0.007432879920896831	17.49	0.010321118099983343	-0.001699647588965388	0.006857190813337054	0.027405319601016023	0.001136389621032593	-0.006204100724362189	-0.14216163321037403	17.44	17.65	17.5	17.15	17.6	17.73	20.54
38	Teucrium Soybean Fund	SOYB	コमोディティ	農産物	大豆		大豆先物契約の価格変動を反映。食用油、飼料の主要原料。	天候、中国の輸入需要、南米の生産、バイオディーゼル生産が影響。	23.49	-0.002547748105569442	23.55	0.0029888853371556317	0.0021330732048363004	0.02086047533514751	0.060018047511917055	0.00470490223695781	0.07456537581223732	0.053363254474015666	23.42	23.44	23.01	22.16	23.38	21.86	22.3
41	Invesco DB US Dollar Index Bullish Fund	UUP	通貨	主要通貨	米ドル		主要6通貨（ユーロ、円、ポンド、カナダドル、スウェーデンクローナ、スイスフラン）に対する米ドルの強弱に連動する。	米国の金融政策（Fed）、景気見通し、グローバルリスクオフ時の資金流入、国際貿易における米ドルの需要を評価。	27.09	-0.001106219974820467	27.12	0.0003692846717138154	0.010067131276506954	0.0029618631258103672	-0.006600671146103182	-0.013202130483054934	0.0022197360125124324	-0.03329225682246133	27.08	26.82	27.01	27.27	27.45	27.03	28.02
42	Invesco CurrencyShares Euro Trust	FXE	通貨	主要通貨	ユーロ		ユーロの対米ドルレートの変動に連動。ユーロ圏経済全体、ECBの金融政策、政治情勢に影響される。	ユーロ圏の経済成長、インフレ、ECBの金融政策、欧州債務問題などのリスク要因を評価。	108.78	0.0016574613969140574	108.6	0.00045981257076907	-0.007300630027285633	-0.0029330861530683138	0.008857389658350145	0.025367062113689796	0.004166463305169791	0.13154299224856403	108.73	109.58	109.1	107.82	106.09	108.33	96.13
43	Invesco CurrencyShares British Pound Sterling Trust	FXB	通貨	主要通貨	英ポンド		英ポンドの対米ドルレートの変動に連動。英国経済、ブレグジット、BOEの金融政策に影響される。	英国の経済成長、インフレ、BOEの金融政策、ブレグジット関連の政治的・経済的リスクを評価。	129.57	0.0010817790030185125	129.43	-0.0017719238993187973	-0.012950383887500406	-0.009933428910153747	0.005381927917969644	0.033606231021186886	0.002191449193738366	0.08859013571833906	129.8	131.27	130.87	128.88	125.36	129.29	119.03
44	Invesco CurrencyShares Japanese Yen Trust	FXY	通貨	主要通貨	日本円		日本円の対米ドルレートの変動に連動。日本経済、BOJの金融政策、リスクオフ時の需要に影響される。	日本の経済状況、BOJのYCC政策、グローバルなリスクオフ時の安全資産としての需要を評価。	59.28	0.0006751704877924861	59.24	-0.0016841072249838126	-0.01511878830660584	0.013333312466613248	0.020836905301043138	0.00850629483469991	0.010397147253951043	-0.03859878485249662	59.38	60.19	58.5	58.07	58.78	58.67	61.66
45	Invesco CurrencyShares Swiss Franc Trust	FXF	通貨	主要通貨	スイスフラン		スイスフランの対米ドルレートの変動に連動。スイス経済、SNBの金融政策、地政学リスク時の需要に影響される。	安全資産としての需要（特に地政学リスク時）、スイスの経済状況、SNBの金融政策を評価。	113.98	0.0006145175364216339	113.91	-0.0033228161191840044	-0.009816673159815367	-0.0006137631999225086	0.025092192231919316	0.04034324476847475	0.021326208918940076	0.15271042195537343	114.36	115.11	114.05	111.19	109.56	111.6	98.88
46	Invesco CurrencyShares Canadian Dollar Trust	FXC	通貨	主要通貨	カナダドル		カナダドルの対米ドルレートの変動に連動。カナダ経済、原油価格、米経済に密接に影響される。	カナダ経済の健全性、原油価格動向（産油国）、米国経済への感応度を評価。	71.48	0.0008401734741904904	71.42	0.001260736350394294	-0.004040592165205686	-0.0012574589670863634	0.011703504453523486	0.031167722265036085	0.0044113998918081905	0.04008495168264812	71.39	71.77	71.57	70.65	69.32	71.17	68.73
47	Invesco CurrencyShares Australian Dollar Trust	FXA	通貨	主要通貨	豪ドル		豪ドルの対米ドルレートの変動に連動。オーストラリアの経済成長、コモディティ価格、中国経済に影響される。	豪州経済の健全性、コモディティ（鉄鉱石など）価格、中国経済へのエクスポージャーを評価。高金利通貨としてのキャリートレード。	70.15	0.003720162233525191	69.89	0.005879031756070286	0.0015705398188705076	0.00978840209050019	0.04800664819136323	0.09970945556631645	0.06295364134442633	0.11848566591808611	69.74	70.04	69.47	66.94	63.79	66.0	62.72
48	WisdomTree Chinese Yuan Strategy Fund	CYB	通貨	新興国通貨	中国人民元		オフショア人民元（CNH）の対米ドルレートの変動に連動。中国経済の成長と人民銀行の政策に影響される。	中国経済の健全性、貿易収支、人民銀行の政策、米中関係などの地政学リスクを評価。	24.27	0.0	24.27	0.0	0.0	0.0	0.0	0.0	0.0		24.27	24.27	24.27	24.27	24.27	24.27	
51	SPDR S&P 500 ETF Trust	SPY	株式	米国株式	主要指数	S&P 500	S&P 500指数に連動する。米国株式市場の主要なベンチマーク。	米国企業全体の収益、マクロ経済の健全性、市場センチメントを評価する上で最も重要な指標。	689.43	0.007231785221302383	684.48	0.004575346790671614	0.011265115769389438	-0.0017230929452083487	0.005879731716035326	0.049219579599574056	0.011013036652152856	0.14277347559667808	686.29	681.75	690.62	685.4	657.09	681.92	603.3
52	Invesco QQQ Trust, Series 1	QQQ	株式	米国株式	主要指数	Nasdaq 100	Nasdaq 100指数に連動する。主にテクノロジーと成長株で構成される。	米国テクノロジーセクターの健全性、成長期待、リスクオン/オフの指標。金利上昇に敏感。	608.81	0.008848869230803464	603.47	0.004985258325144634	0.01144672854209912	-0.0013778837395702621	-0.012121164703006755	0.03308826156749472	-0.00895313444654692	0.13898628408225944	605.79	601.92	609.65	616.28	589.31	614.31	534.52
53	SPDR Dow Jones Industrial Average ETF Trust	DIA	株式	米国株式	主要指数	ダウ工業株30種	ダウ工業株30種平均に連動する。米国の主要な優良企業で構成。	米国経済の広範な健全性、産業セクターの動向、伝統的企業のパフォーマンスを評価。	496.08	0.0034386133594866714	494.38	-0.0018511336574132294	0.001615223297812264	-0.009879672313217566	0.010757943990667143	0.0751674406773002	0.0326479145917529	0.13885792836583855	497.0	495.28	501.03	490.8	461.4	480.4	435.59
54	iShares Russell 2000 ETF	IWM	株式	米国株式	主要指数	ラッセル2000	ラッセル2000指数に連動。米国の小型株市場の動向を反映。	米国国内経済の景気回復、国内消費、金利感応度が高い小型株の動向を評価。	264.61	3.77144664273778e-05	264.6	0.0023485554002902055	0.006274695581461661	-0.0015470669349707945	-0.011875062892146421	0.12689869311052535	0.07495117571893777	0.19319436351162497	263.99	262.96	265.02	267.79	234.81	246.16	221.77
55	VanEck Semiconductor ETF	SMH	株式	米国株式	セクター	半導体（広範）	既存のSOXXに加え、世界の半導体企業（米国中心）に幅広く投資。	半導体産業のグローバルなサイクル、サプライチェーン、技術革新をより包括的に評価。	415.03	0.011774710942299758	410.2	0.006011419366645762	0.017928964820729438	0.033312598247569936	0.03259275580880277	0.2765504113726605	0.15244493141955504	0.614900801364526	412.55	407.72	401.65	401.93	325.12	360.13	257.0
56	iShares Semiconductor ETF	SOXX	株式	米国株式	セクター	半導体	半導体製品および関連機器の製造・販売を行う企業に投資。	技術革新、需要サイクル（PC、スマホ、AI）、サプライチェーンの安定性、地政学リスク（米中技術摩擦）を評価。	359.43	0.010088793769213386	355.84	0.004218761710433793	0.013449469814522205	0.031333340805619905	0.03242941791320575	0.3290870593742217	0.1935248213862814	0.5664773530955572	357.92	354.66	348.51	348.14	270.43	301.15	229.45
57	Technology Select Sector SPDR Fund	XLK	株式	米国株式	セクター	テクノロジー	テクノロジー（ソフトウェア、ハードウェア、ITサービスなど）セクターのS&P 500構成銘柄に投資。	技術革新の進展、景気サイクルの成長期、金利動向（割引率への影響）、研究開発投資を評価。	140.88	0.004778533177825229	140.21	-0.00021289318371468934	0.009458350152697229	-0.001771416363285666	-0.02037405413756062	0.03289665341337516	-0.021462779132395245	0.1744138464315366	140.91	139.56	141.13	143.81	136.39	143.97	119.96
58	Communication Services Select Sector SPDR Fund	XLC	株式	米国株式	セクター	通信サービス	通信サービス（メディア、エンターテイメント、電気通信など）セクターのS&P 500構成銘柄に投資。	消費者のメディア利用、広告市場、通信インフラ投資、規制環境の変化を評価。	116.8	0.014417263078938458	115.14	0.019286209830660594	0.019375119438176137	0.008984112787968282	0.01893052298991606	0.04716823164036732	-0.00781513896878481	0.13184350594751243	114.59	114.58	115.76	114.63	111.54	117.72	103.19
59	Utilities Select Sector SPDR Fund	XLU	株式	米国株式	セクター	公益事業	公益事業（電気、ガス、水道など）セクターのS&P 500構成銘柄に投資。	金利動向（借入コスト）、規制環境、人口動態、景気変動の影響を受けにくいディフェンシブ特性を評価。	46.33	0.004771225716569073	46.11	0.015786038392196708	-0.0036558746009744624	0.06874287109173911	0.07694098879754128	0.05903795578684488	0.08526594803093614	0.18762361981202602	45.61	46.5	43.35	43.02	43.75	42.69	39.01
60	Consumer Discretionary Select Sector SPDR Fund	XLY	株式	米国株式	セクター	一般消費財	一般消費財（小売、自動車、ホテルなど）セクターのS&P 500構成銘柄に投資。	消費者支出の動向、景気サイクル、雇用市場、インフレが消費者に与える影響を評価。景気敏感株。	117.45	0.010409489906312162	116.24	0.0036745882542397025	0.010931284556123627	-0.004576666881126867	-0.03253710484340228	0.04374953980361428	-0.016414091397345194	0.05636608123634802	117.02	116.18	117.99	121.4	112.53	119.41	111.18
61	Consumer Staples Select Sector SPDR Fund	XLP	株式	米国株式	セクター	生活必需品	生活必需品（食品、飲料、家庭用品など）セクターのS&P 500構成銘柄に投資。	景気変動の影響を受けにくいディフェンシブセクター。消費者の購買力、コストプッシュ型インフレを評価。	87.89	0.0025094242648342428	87.67	-0.0017037883271131468	-0.01809856672907297	-0.0005686041661316663	0.0661086461286284	0.13729285845095068	0.1314366509315316	0.11154415326990733	88.04	89.51	87.94	82.44	77.28	77.68	79.07
62	Energy Select Sector SPDR Fund	XLE	株式	米国株式	セクター	エネルギー	エネルギー（石油・ガス探査、生産、精製など）セクターのS&P 500構成銘柄に投資。	原油価格、地政学リスク、エネルギー政策、世界経済の成長がエネルギー需要に与える影響を評価。	54.88	-0.005436738590093982	55.18	0.0018255255758814193	0.009751657936963934	0.030610348696999707	0.12574361165364584	0.237929308474466	0.22746594032417505	0.22147573225054032	54.78	54.35	53.25	48.75	44.33	44.71	44.93
63	Financial Select Sector SPDR Fund	XLF	株式	米国株式	セクター	金融	金融（銀行、保険、証券など）セクターのS&P 500構成銘柄に投資。	金利動向、イールドカーブ、景気循環、規制環境、信用市場の健全性を評価。	52.49	0.006519657576983368	52.15	-0.0019014731665896933	0.01626331321920705	-0.03262065421708609	-0.01814435882187647	0.0194205664862225	-0.04162860617565842	0.035621316462666176	52.59	51.65	54.26	53.46	51.49	54.77	50.68
64	Health Care Select Sector SPDR Fund	XLV	株式	米国株式	セクター	ヘルスケア	ヘルスケア（医薬品、バイオ、医療機器、サービス）セクターのS&P 500構成銘柄に投資。	人口高齢化、医療費支出、技術革新、政府の医療政策、保険制度改革を評価。	156.82	-0.002797832875404696	157.26	-0.005390948529191883	-0.005390948529191883	-0.005643265181410846	-0.009098870419555007	0.01861330667077917	0.013049122949859009	0.08394451855999525	157.67	157.67	157.71	158.26	153.95	154.8	144.68
65	Industrial Select Sector SPDR Fund	XLI	株式	米国株式	セクター	資本財	資本財（航空宇宙、建設、機械、運輸など）セクターのS&P 500構成銘柄に投資。	設備投資、製造業の景気動向、サプライチェーン、グローバル貿易の健全性を評価。	177.23	0.005047064807368384	176.34	0.012511440387376595	0.017569027908156405	0.02338609090566265	0.06534019642526454	0.18851174908008858	0.14253482018000493	0.30324551747058537	175.04	174.17	173.18	166.36	149.12	155.12	135.99
66	Materials Select Sector SPDR Fund	XLB	株式	米国株式	セクター	素材	素材（化学、金属、鉱業、建設資材など）セクターのS&P 500構成銘柄に投資。	グローバル景気循環、商品価格、製造業の生産活動、インフレ圧力を評価。	52.96	0.0024606709996658257	52.83	-0.0011316743261594914	-0.006565415115402997	0.0281498895396643	0.07554827943136841	0.23296769797147285	0.16780597279830556	0.2042074216145803	53.02	53.31	51.51	49.24	42.95	45.35	43.98
67	Real Estate Select Sector SPDR Fund	XLRE	株式	米国株式	セクター	不動産	不動産（REITなど）セクターのS&P 500構成銘柄に投資。	金利動向、不動産市場の需給、都市化、人口動態の変化、景気循環を評価。	43.56	0.008333347314669516	43.2	0.004844357706155135	0.0013793419147359915	0.03738984596491078	0.048375503565296005	0.07667639720982332	0.07955397820470035	0.05824650143158533	43.35	43.5	41.99	41.55	40.46	40.35	41.16
68	SPDR S&P Regional Banking ETF	KRE	株式	米国株式	セクター	地方銀行	米国の地域銀行に投資。地方経済の健全性や金利変動の影響を強く受ける。	地域経済の健全性、イールドカーブのスティープ化/フラット化、銀行セクターのリスク選好度を評価。	71.9	0.012818758832134078	70.99	0.007285013904032303	0.008698130712680508	-0.023495800517074644	0.025970314601471926	0.17431852170156914	0.10939676337551456	0.17008645768220854	71.38	71.28	73.63	70.08	61.23	64.81	61.45
69	iShares U.S. Home Construction ETF	ITB	株式	米国株式	セクター	住宅建設	米国の住宅建設業者、住宅関連製品メーカー、住宅小売業者に投資。	住宅市場の健全性、金利動向（住宅ローン金利）、消費者心理、労働市場を評価。	110.91	0.005530377094054315	110.3	-0.01061547571997903	-0.023421643390530617	0.015287493875846337	0.0251409664416657	0.12832254765074647	0.15171339716883714	0.11924524606279206	112.1	113.57	109.24	108.19	98.3	96.3	99.09
70		IYT							82.4	0.016781843472202934	81.04	0.007211881003450527	0.031160026900989922	0.0014584680160718002	0.05830979809835432	0.17895853141227236	0.10589181537295819	0.1537442922130537	81.81	79.91	82.28	77.86	69.89	74.51	71.42
71	Artificial Intelligence & Technology ETF	AIQ	株式	テーマ	AI・テクノロジー		人工知能（AI）技術の開発・応用を行う企業に投資。	技術革新の加速、生産性向上、労働市場への影響といった長期トレンドを評価。	49.88	0.0095122692198863	49.41	0.006659976511318796	0.008695658211153095	-0.003993625312038874	-0.0389210096025997	0.048815895985192446	-0.01926857118513027	0.18351784150197847	49.55	49.45	50.08	51.9	47.56	50.86	42.15
72	Cloud Computing ETF	CLOU	株式	テーマ	クラウドコンピューティング		クラウドコンピューティング関連サービス（SaaS, PaaS, IaaS）を提供する企業に投資。	デジタル変革、リモートワーク、ITインフラ投資といった長期トレンドを評価。	18.93	-0.020186304130890717	19.32	-0.02372352238021378	-0.035168221434417495	-0.01866255019520412	-0.0907780699976804	-0.1472973128551685	-0.1631299910324262	-0.25118671712790724	19.39	19.62	19.29	20.82	22.2	22.62	25.28
73	FinTech ETF	FINX	株式	テーマ	フィンテック		金融サービスとテクノロジーの融合（決済、貸付、資産運用など）を行う企業に投資。	金融業界のデジタル変革、決済システムの革新、新興市場での金融包摂を評価。	23.81	-0.0012584180559349185	23.84	-0.0031400779661187486	0.02101199732120569	-0.03583722372214977	-0.1677735421883375	-0.16709983161578587	-0.1909616303417103	-0.26726190217642043	23.89	23.32	24.69	28.61	28.59	29.43	32.49
74	E-Commerce ETF	EBIZ	株式	テーマ	Eコマース		オンライン小売、デジタル決済、ECプラットフォーム関連企業に投資。	消費行動の変化、デジタル化の進展、グローバルサプライチェーンの変化を評価。	29.11	0.01111302983074707	28.8	0.004727694361901788	0.020075676473253416	-0.04415624930337314	-0.10881538405491482	-0.06286984963944975	-0.10385049729968876	-0.05916066303935339	28.98	28.54	30.46	32.67	31.07	32.49	30.95
75	Cybersecurity ETF	BUG	株式	テーマ	サイバーセキュリティ		サイバーセキュリティ製品・サービスを提供する企業に投資。	デジタル化の加速とサイバー攻撃リスクの増大というマクロトレンドを捉え、セキュリティ市場の成長を評価。	25.57	-0.04944237704709386	26.9	-0.05401409377479668	-0.08318392777323984	-0.050853779215833346	-0.1255129994877425	-0.17563903906367268	-0.1605383958183102	-0.28527743523880966	27.03	27.89	26.94	29.24	31.02	30.46	35.78
76	ETFMG Prime Cyber Security ETF	HACK	株式	テーマ	サイバーセキュリティ		既存のBUGに追加で、より広範なサイバーセキュリティ企業に投資。業界の成長とリスクを評価。	デジタル化の加速とサイバー攻撃リスクの増大というマクロトレンドを捉え、セキュリティ市場の成長を評価。	74.17	-0.030457540275224675	76.5	-0.03587679871677809	-0.04775967710685991	-0.014875849820199016	-0.0433380712402229	-0.08069490603033298	-0.07714326696225467	-0.07898376816668921	76.93	77.89	75.29	77.53	80.68	80.37	80.53
77	iShares Cybersecurity and Tech ETF	IHAK	株式	テーマ	サイバーセキュリティ		HACKとBUGと同様にサイバーセキュリティに焦点を当てるが、異なるアプローチ。多様なエクスポージャー。	セクター内の多様な投資機会と、異なる指数構成による比較分析を可能にする。	43.27	-0.03155774032635299	44.68	-0.028295494185349233	-0.04775524283730542	-0.03134089475192597	-0.09172961771351976	-0.09955739040379592	-0.10078966296292743	-0.1620585060919529	44.53	45.44	44.67	47.64	48.05	48.12	51.64
78	Blockchain ETF	BKCH	株式	テーマ	ブロックチェーン		ブロックチェーン技術の開発・活用を行う企業（マイニング、ハードウェア、サービス）に投資。	デジタル経済の進化、金融システムの変化、データセキュリティの動向を評価。	61.61	-0.027497167368153386	63.35	-0.0186990280797419	-0.05331900926664264	-0.03250627645892102	-0.2099256481389532	-0.04771447705609093	-0.03553538540713502	0.18973386904176973	62.78	65.08	63.68	77.98	64.7	63.88	51.78
79	Social Media ETF	SOCL	株式	テーマ	ソーシャルメディア		ソーシャルメディアプラットフォーム、広告、関連技術企業に投資。	デジタル広告市場の成長、情報流通の変化、消費者の行動様式の変化を評価。	50.34	0.011655985743948404	49.76	0.009222114567409286	0.016969700052280618	-0.022903732428014065	-0.09574273741095042	-0.05281202160878408	-0.08820863996816133	0.03377312770775063	49.88	49.5	51.52	55.67	53.15	55.21	48.7
80	ARK Innovation ETF	ARKK	株式	テーマ	イノベーション	ディスラプティブ・イノベーション	AI、ロボティクス、ゲノミクスなど、既存の業界を破壊する技術に投資する積極運用型ETF。マクロ経済の変化の最先端を捉える。	長期的な技術革新と、それが様々な産業にもたらすディスラプションを評価。高成長分野への集中投資。	71.49	-0.010382060107675431	72.24	0.0014007350465896425	0.01765121514262678	0.01533864714512644	-0.10960272700726764	-0.025357882059231354	-0.07059282936083089	0.11738040599039838	71.39	70.25	70.41	80.29	73.35	76.92	63.98
81	Robotics & Artificial Intelligence ETF	BOTZ	株式	テーマ	ロボティクス・AI		ロボティクス、人工知能、自動化関連企業に投資。	労働力不足、生産性向上、製造業の変革といった長期トレンドを評価。	39.02	0.009834396328097142	38.64	0.017205418063366933	0.01773605379419599	0.04108860550523518	0.0347388333358623	0.17015479568740136	0.07700803065908977	0.14465703346553752	38.36	38.34	37.48	37.71	33.35	36.23	34.09
82	Autonomous & Electric Vehicles ETF	DRIV	株式	テーマ	自動運転・EV		自動運転車、電気自動車、関連技術（バッテリー、センサーなど）企業に投資。	エネルギー転換、環境政策、都市化、インフラ投資といった長期トレンドを評価。	32.54	0.0036089014942035894	32.42	-0.003461034358912406	-0.005288912887053004	-0.0028502088964629468	-0.01819555377111724	0.17396479528375886	0.09985459714666887	0.35924344069482317	32.65	32.71	32.63	33.14	27.72	29.58	23.94
83	Lithium and Battery Tech ETF	LIT	株式	テーマ	リチウム・バッテリー		リチウム採掘、バッテリー製造、電気自動車関連技術企業に投資。	EV革命、再生可能エネルギー貯蔵、バッテリー技術の進歩を評価。	73.12	-0.00013666767689466	73.13	-0.009750726259707744	0.005777246437009638	0.028555443990217547	0.008134619843032017	0.21609807267694642	0.12735124974562803	0.7175232537582753	73.84	72.7	71.09	72.53	60.13	64.86	42.57
84	Defiance Quantum ETF	QTUM							117.28	0.003937674076993143	116.82	0.002735975524359432	0.0005972160683472945	0.012780619071983666	-0.005343099510181369	0.1607836207895787	0.06948745999194621	0.3838879898810984	116.96	117.21	115.8	117.91	101.04	109.66	84.75
85		HERO							27.29	0.0007334234480358366	27.27	0.0018355780040128543	-0.0025584683210034217	-0.009796754559037389	-0.0950091097954099	-0.09434885693019518	-0.08290483101405158	0.016631383495832028	27.24	27.36	27.56	30.16	30.13	29.76	26.84
86	Defense Tech ETF	SHLD	株式	テーマ	防衛テクノロジー		防衛産業における革新的なテクノロジー（AI、サイバー、宇宙）に焦点を当てる。	地政学リスクの高まり、国家安全保障への投資増加、新技術の軍事転用を評価。	75.46	-0.0034337312736252277	75.72	0.01711816419024145	0.045007617244228006	0.035684853861388796	-0.01834270341784357	0.23424504249486214	0.16468587773068202	0.8110412492049783	74.19	72.21	72.86	76.87	61.14	64.79	41.67
87	iShares U.S. Aerospace & Defense ETF	ITA	株式	米国株式	セクター	航空宇宙・防衛	米国の航空宇宙および防衛産業の企業に投資。	政府の防衛予算、地政学リスク、航空交通量、サプライチェーンの動向を評価。	243.65	0.0006570635332496395	243.49	0.01385646833712475	0.037382377322893574	0.04155089781144355	0.014067463952722967	0.22912777656199762	0.13489212877056053	0.6034316258047737	240.32	234.87	233.93	240.27	198.23	214.69	151.96
88	Invesco Aerospace & Defense ETF	PPA	株式	米国株式	セクター	航空宇宙・防衛	Dow Jones U.S. Aerospace & Defense Indexに連動する。ITA、XARと同様のセクター。	ITAと同様に、政府の防衛予算、地政学リスク、航空交通量などを評価。	180.62	-0.003200893161275045	181.2	0.010913958516965593	0.025667171249357718	0.030583138071150047	0.011990135818443659	0.23475524080159338	0.15316343922943654	0.5562846576396787	178.67	176.1	175.26	178.48	146.28	156.63	116.06
89	SPDR S&P Aerospace & Defense ETF	XAR	株式	米国株式	セクター	航空宇宙・防衛	S&P Aerospace & Defense Select Industry Indexに連動する。ITAと同様のセクター。	ITAと同様に、政府の防衛予算、地政学リスク、航空交通量などを評価。	282.01	-0.008612746126163143	284.46	0.0132581285725094	0.041703636576588786	0.03592549823534351	-0.0116355692106682	0.2820140412586398	0.1690018377719537	0.6904824538135492	278.32	270.72	272.23	285.33	219.97	241.24	166.82
90	Genomics & Biotechnology ETF	GNOM	株式	テーマ	ゲノム・バイオテクノロジー		ゲノム編集、遺伝子治療、バイオテクノロジー関連企業に投資。	医療の進化、個別化医療の進展、健康寿命の延伸といった長期トレンドを評価。	46.88	-0.007872217533399286	47.26	-0.0014058210024717652	0.023400462266923217	0.016323397672133352	-0.05781750398737838	0.08834078311035955	0.031392953585669306	0.18315123152652452	46.95	45.81	46.13	49.76	43.08	45.46	39.63
91	HealthTech ETF	HEAL	株式	テーマ	ヘルステック		デジタルヘルス、遠隔医療、医療ITソリューションを提供する企業に投資。	ヘルスケア産業のデジタル化、医療アクセスの向上、高齢化社会の課題解決を評価。	26.44	-0.002263703748053522	26.5	0.0005675137902098386	0.04484394519285209	-0.004442270516797206	-0.1221576864788641	-0.11782376614560557	-0.09481432289221818	-0.24288837012463993	26.43	25.31	26.56	30.12	29.98	29.22	34.93
92	iShares Biotechnology ETF	IBB	株式	米国株式	セクター	バイオテクノロジー	米国のバイオテクノロジー企業の株式に投資。研究開発、新薬承認、特許動向が重要。	医療技術革新、医薬品規制、人口動態（高齢化）、ヘルスケア支出の動向を評価。	174.39	-0.003656512564200159	175.03	-0.0021171614146109807	0.010956518200860507	-0.003371793075188474	-0.004396005117391448	0.04213589647962519	0.033299727291080855	0.2539417928957266	174.76	172.5	174.98	175.16	167.34	168.77	139.07
93	SPDR S&P Biotech ETF	XBI	株式	米国株式	セクター	バイオテクノロジー（小型）	S&P Biotechnology Select Industry Indexに連動。IBBより小型株比率が高い傾向。	医療分野の小型成長株に特化し、特定のニッチ技術や新薬開発の動向を追う。	124.78	-0.01546472398223821	126.74	-0.00652866006995353	0.015627528564276624	-0.005816296267298578	-0.026525152837887322	0.07323454687349995	0.02337405451478634	0.3507981398403572	125.6	122.86	125.51	128.18	116.27	121.93	92.38
94	Range Nuclear Renaissance Index ETF	NUKZ							72.44	0.008913640145489786	71.8	0.0165590832136088	0.024466177051803817	0.0326443459118464	0.01784465793361644	0.1746533065507493	0.14078744002214566	0.535439723374089	71.26	70.71	70.15	71.17	61.67	63.5	47.18
95	iShares Global Clean Energy ETF	ICLN	株式	テーマ	クリーンエネルギー	グローバルクリーンエネルギー	世界の再生可能エネルギー企業（太陽光、風力、水力など）に幅広く投資。	地球温暖化対策、エネルギー転換、政府の補助金政策、技術革新の進展を評価。	18.91	0.0053163415368931025	18.81	-0.006305876768444376	0.026601507550957117	0.01612032387004202	0.06595265453152818	0.18588207093484976	0.1509433655612945	0.6718627992337713	19.03	18.42	18.61	17.74	15.95	16.43	11.31
96	Uranium ETF	URA	株式	テーマ	ウラン		ウラン採掘・生産企業に投資。原子力エネルギーの需要に連動。	原子力発電の再評価、エネルギー安全保障、供給側リスク（主要生産国）を評価。	54.36	0.0081602829441427	53.92	0.025853913728813547	0.04719708669121859	0.04217792886072267	-0.031878911253499294	0.3694391258437099	0.2721741444583822	1.0900907771998838	52.99	51.91	52.16	56.15	39.7	42.73	26.01
97	Hydrogen ETF	HYDR	株式	テーマ	水素エネルギー		水素製造、貯蔵、燃料電池など水素エコノミー関連企業に投資。	脱炭素化、エネルギー転換、新エネルギー技術の開発と普及の進捗を評価。	38.7	0.012823912332044995	38.21	0.016308259687937938	0.03467638663323057	0.033102021056396216	-0.0005165407317440339	0.1570850002948322	0.2175554805324422	0.8492317100790687	38.08	37.4	37.46	38.72	33.45	31.78	20.93
98	Invesco Solar ETF	TAN	株式	テーマ	太陽光発電		太陽光発電技術、設備、サービスを提供する企業に投資。	クリーンエネルギー転換、補助金政策、技術コストの低下、電力市場の変化を評価。	59.77	0.021360218561552766	58.52	-0.010921725038541509	0.0319406482614543	0.03515758088476001	0.14392345373710377	0.30104488995378603	0.21681599669102963	0.6893724887879926	60.43	57.92	57.74	52.25	45.94	49.12	35.38
99	Clean Water ETF	AQWA	株式	テーマ	クリーンウォーター		水処理、水インフラ、水質分析など水関連事業を行う企業に投資。	気候変動、人口増加、水資源不足といった長期的なグローバル問題とその解決策への投資。	20.58	-0.0003886780988369028	20.59	-0.002762351018141487	-0.012524669039922429	0.008972721408147909	0.039292924641808585	0.09978876402386899	0.09638233800568902	0.2047449235113908	20.64	20.84	20.4	19.8	18.71	18.77	17.08
100	Invesco Water Resources ETF	PHO	株式	テーマ	クリーンウォーター		AQWAと同様に水資源関連企業に投資。水不足問題への対応と技術革新。	気候変動と人口増加による水資源の課題への投資、関連技術の進歩を評価。	72.9	0.00041167528703410256	72.87	0.002061876644383591	0.004408923763450513	-0.017784959217381616	-0.014731671433448714	0.03027905732499735	0.03536426266527103	0.09019857734441808	72.75	72.58	74.22	73.99	70.76	70.41	66.87
101	Renewable Energy Producers ETF	RNRG	株式	テーマ	再生可能エネルギー生産		再生可能エネルギーを実際に生産・販売する企業に焦点を当てる。	再生可能エネルギーの普及状況、電力市場の変化、インフラ投資の動向を評価。	37.24	0.003367547664190301	37.12	-0.0019026972563518571	0.009322437428112602	0.025242927447034283	0.07654060464869082	0.15220283924623657	0.12079446266205719	0.46623579471538595	37.31	36.9	36.33	34.6	32.32	33.23	25.4
102	MLP & Energy Infrastructure ETF	MLPX	株式	テーマ	エネルギーインフラ		エネルギー輸送、貯蔵、加工などインフラ関連事業を行うMLP（マスターリミテッドパートナーシップ）に投資。	米国のエネルギー生産と輸出、エネルギー供給網の安定性、金利環境の変化を評価。	70.02	0.007047287104446665	69.53	0.011995868945994607	0.004158802124938906	0.05690560970666274	0.13192815135787678	0.1887501329265511	0.16970276370009843	0.16704542788488347	69.19	69.73	66.25	61.86	58.9	59.86	60.0
103	U.S. Infrastructure Development ETF	PAVE	株式	テーマ	インフラ開発	米国インフラ開発	米国のインフラ開発（建設、素材、輸送、公益事業）に焦点を当てた企業に投資。	米国の財政政策、景気刺激策、インフラ老朽化対策といったマクロテーマを評価。	55.64	0.006330230933723897	55.29	0.01551375177802208	0.009433970751818573	0.017370648871720774	0.07725068239872884	0.2059243171844702	0.16426027042762764	0.3492949308696078	54.79	55.12	54.69	51.65	46.14	47.79	41.24
104	iShares ESG Aware MSCI USA ETF	ESGU	株式	テーマ	ESG	米国ESG	米国の大・中型株の中から、高いESG（環境・社会・ガバナンス）評価を持つ企業に投資。	持続可能な投資トレンドの主流化、企業のESGパフォーマンスが長期的な企業価値に与える影響を評価。	149.94	0.007187528443031529	148.87	0.004690410898398492	0.01167259732252071	-0.0014651119828031744	0.004690410898398492	0.04400916975900431	0.006443863212500614	0.13381599179020626	149.24	148.21	150.16	149.24	143.62	148.98	132.24
106	Vanguard Total World Stock ETF	VT	株式	グローバル株式	広範市場	全世界株式	米国を含む全世界の大型・中型・小型株に分散投資。世界経済全体の成長を捉える。	世界経済全体の景気動向を捉え、広範な分散投資により特定地域の偏りを避ける。グローバルGDP成長率と連動性が高い。	147.95	0.008658333350671291	146.68	0.006394139694784765	0.011001781130526776	0.010173359047333186	0.026575089930723488	0.09536567635029149	0.048844459867415334	0.2200639057958582	147.01	146.34	146.46	144.12	135.07	141.06	121.26
107	Vanguard Total Stock Market ETF	VTI	株式	米国株式	広範市場	米国全市場株式	米国株式市場全体（大型、中型、小型）をカバーする広範なETF。	米国経済全体の健全性、包括的な市場パフォーマンスを評価する上で中心的なツール。	340.27	0.006150349085573566	338.19	0.004249926212180534	0.010752993265464318	-0.0020237050055685454	0.0035095036231300356	0.05384552204589922	0.014913353905338978	0.14240435127224263	338.83	336.65	340.96	339.08	322.88	335.27	297.85
108	Vanguard FTSE Developed Markets ETF	VEA	株式	国際株式	広範市場	先進国株式（除く米国）	米国を除く先進国の株式市場（欧州、アジア太平洋、カナダなど）に幅広く分散投資。	米国市場に依存しない分散投資として有効。各国の景気サイクル、金融政策、企業収益動向を総合的に評価。	69.52	0.010611945309253327	68.79	0.010318254754595376	0.011052857522171123	0.03191322263369588	0.06937385569354551	0.18280391296074136	0.11285409451900008	0.39373785591392474	68.81	68.76	67.37	65.01	58.78	62.47	49.88
109	Vanguard FTSE Emerging Markets ETF	VWO	株式	新興国株式	広範市場	新興国株式	新興国の大型・中型株に幅広く分散投資。グローバル経済成長の主要なドライバー。	新興国経済の成長見通し、コモディティ価格動向、米ドル相場、地政学的リスクを評価。	58.53	0.016322254284049417	57.59	0.010008593765685433	0.013506472368777056	0.022179540604109226	0.043129533819660205	0.12456407743756946	0.08872768985658767	0.2962769930486624	57.95	57.75	57.26	56.11	52.05	53.76	45.15
110	iShares MSCI Emerging Markets Small-Cap ETF	EEMS	株式	新興国株式	小型株	新興国小型株	新興国の小型株に投資。国内需要の成長や、新興市場の成熟度を反映。	新興国経済の国内成長力、内需主導型経済へのシフト、通貨の安定性などを評価。高いリスクと高いリターンの潜在力。	74.96	0.015718102774349603	73.8	0.015167968609544844	0.016131252481466633	0.037795868761745	0.07407935379171283	0.1536098900066691	0.11084758973667849	0.3289668621152297	73.84	73.77	72.23	69.79	64.98	67.48	56.4
111	SPDR Euro Stoxx 50 ETF	FEZ	株式	特定国/地域株式	ヨーロッパ（広範）	ユーロ圏（大型株）	ユーロ圏の主要50銘柄（大型株）に投資。ユーロ圏経済の主要なバロメーター。	ユーロ圏の主要企業のパフォーマンス、景気回復の牽引役、特定のセクターの集中度合いを評価。	68.7	0.013573298694515797	67.78	0.006298525359887398	0.017174948430422103	0.017777732566550925	0.040909044670336174	0.1341439622187373	0.06693582232408966	0.29193794723721733	68.27	67.54	67.5	66.0	60.57	64.39	53.18
112	iShares MSCI Eurozone ETF	EZU	株式	特定国/地域株式	ヨーロッパ（広範）	ユーロ圏	ユーロを使用する国々（ユーロ圏）の株式市場に投資。ECBの金融政策と直接連動。	ユーロ圏経済の健全性、ECBの金融政策の効果、域内国の統合度合いを評価。	68.68	0.012830007047711114	67.81	0.008220750675495946	0.019444819729656487	0.019747614865436622	0.04599446351857524	0.1407944530322719	0.07145088830078145	0.33734550727363444	68.12	67.37	67.35	65.66	60.2	64.1	51.36
114	iShares MSCI Japan ETF	EWJ	株式	特定国/地域株式	アジア	日本	日本の大・中型株に投資。世界第3位の経済大国。	日本経済の成長、日銀の金融政策、輸出動向、企業ガバナンス改革、高齢化社会の課題を評価。	91.47	0.0029605732620163385	91.2	0.0009849416720330417	-0.025359587555819164	0.023154358607309522	0.07891015024454019	0.1687705530194666	0.1328957597328408	0.3722655341035425	91.38	93.85	89.4	84.78	78.26	80.74	66.66
115	iShares MSCI Japan Small-Cap ETF	SCJ	株式	特定国/地域株式	アジア	日本（小型株）	日本の小型株に投資。国内景気への感応度が高い。	日本の内需主導の成長、中小企業の革新、地方経済の活性化を評価。	105.57	0.0035171364763828894	105.2	0.007828159377796838	-0.0016076997577050285	0.0553833948128964	0.10163829362062253	0.19100806094481576	0.14987476856699342	0.43701118742757705	104.75	105.74	100.03	95.83	88.64	91.81	73.46
116	iShares MSCI Canada ETF	EWC	株式	特定国/地域株式	北米	カナダ	カナダの大・中型株に投資。天然資源が豊富で、米国経済と密接に連動。	原油・天然ガス価格、米国の景気動向、カナダ銀行の金融政策、移民政策を評価。	57.16	0.007224666914750826	56.75	0.012398171701918497	0.01762509721807573	0.03908383187565571	0.0388949358750227	0.1435487185843034	0.05989244435302438	0.37509165502873404	56.46	56.17	55.01	55.02	49.98	53.93	41.57
117	iShares MSCI Mexico Capped ETF	EWW	株式	特定国/地域株式	中南米	メキシコ	メキシコの大・中型株に投資。米国との貿易関係が非常に密接。	米国経済との連動性（ニアショアリング）、自動車産業、労働コスト、インフレと金融政策を評価。	81.23	0.01613711378696639	79.94	0.013474757460933741	0.0024682781765982182	0.017027677019953058	0.0778928171316352	0.2536152040145908	0.17164288492126636	0.5944695892177282	80.15	81.03	79.87	75.36	64.8	69.33	50.94
118	iShares MSCI Australia ETF	EWA	株式	特定国/地域株式	オセアニア	オーストラリア	オーストラリアの大・中型株に投資。コモディティ（鉄鉱石）輸出、中国経済との連動性が高い。	コモディティ価格、中国経済の成長、豪州準備銀行の金融政策、国内不動産市場を評価。	29.7	0.011235952137435083	29.37	0.013306083388034306	0.018518550012107348	0.05207230763513765	0.11235954735117859	0.19256431494592763	0.13402062456308134	0.2224102562371455	29.31	29.16	28.23	26.7	24.9	26.19	24.3
119	iShares MSCI New Zealand ETF	ENZL	株式	特定国/地域株式	オセアニア	ニュージーランド	ニュージーランドの大・中型株に投資。農業、観光業が主要産業。	農業生産、観光業の回復、RBNZの金融政策、気候変動の影響を評価。オーストラリアとは異なる経済構造。	45.84	-0.003911349486860225	46.02	0.013038677405257252	-0.019884547703086543	-0.036974755839332	-0.005855572634780177	0.04722448079659845	0.012591113078428641	0.03659170090434395	45.25	46.77	47.6	46.11	43.77	45.27	44.22
121	iShares China Large-Cap ETF	FXI	株式	特定国/地域株式	アジア（広範）	中国（大型株）	中国のH株（香港上場中国企業）に投資。海外投資家にとってアクセスしやすい。	中国経済の大型優良企業へのエクスポージャー。グローバルな資本流入、香港市場の動向を評価。	38.81	0.005180024858270315	38.61	0.0023243840328127006	0.012522815531081869	-0.010453845860557549	-0.013472261749902669	0.013204471169837927	0.013580580969712161	0.11348647434385532	38.72	38.33	39.22	39.34	38.3	38.29	34.85
122	iShares MSCI China A-Shares ETF	ECNS	株式	特定国/地域株式	アジア（広範）	中国（A株）	中国本土のA株（上海・深圳市場）に投資。国内投資家が中心。	中国国内市場の健全性、内需動向、人民元の変動、政府の金融政策をより直接的に評価。	36.55	0.0071644616967192765	36.29	0.008554016121305684	0.014432430623962949	0.034824449401582865	0.031029575471012875	0.1135778478346142	0.11568989956376675	0.3628100787515363	36.24	36.03	35.32	35.45	32.82	32.76	26.82
123	iShares MSCI China ETF	MCHI	株式	特定国/地域株式	アジア（広範）	中国	中国の大・中型株に投資。中国経済の広範な動向を反映。	中国の経済成長（GDP）、政策動向（不動産、テクノロジー規制）、米中関係、国内消費を評価。	61.01	0.00477597323781345	60.72	0.0009843733854427023	0.010936203216229182	-0.010702122052996272	-0.02368384248969516	0.013717899587614307	0.015648387406101104	0.13952180198486805	60.95	60.35	61.67	62.49	60.18	60.07	53.54
124	KraneShares CSI China Internet ETF	KWEB	株式	特定国/地域株式	アジア（広範）	中国インターネット	中国のインターネット関連企業（Eコマース、オンラインゲーム、ソーシャルメディアなど）に投資。	中国のデジタル経済の成長、消費者動向、政府のテクノロジー規制、米中デカップリングの影響を評価。	32.7	-0.0015266942613907442	32.75	-0.0057767902169309	-0.00274474382662405	-0.04692511063566685	-0.08094437661331237	-0.04848628880848954	-0.03964753316798123	-0.025226547797065027	32.89	32.79	34.31	35.58	34.37	34.05	33.55
125	iShares MSCI Hong Kong ETF	EWH	株式	特定国/地域株式	アジア（広範）	香港	香港の大・中型株に投資。国際金融ハブであり、中国経済の影響を強く受ける。	香港の金融市場の健全性、中国経済との連動性、政治的自由度（国家安全維持法）の影響を評価。	23.76	0.007633600753103425	23.58	0.00848899692160724	0.026349918807916147	0.005501526565057097	0.05132742601027656	0.13008562357776357	0.11811765782973345	0.47465532218346496	23.56	23.15	23.63	22.6	21.02	21.25	16.11
126	iShares MSCI Taiwan ETF	EWT	株式	特定国/地域株式	アジア	台湾	台湾の大・中型株に投資。半導体産業が非常に強い。	グローバル半導体サイクル、テクノロジー需要、米中関係、地政学リスク（中国との関係）を評価。	74.38	0.02353101868115093	72.67	0.01918325338568741	0.018206627598876635	0.061812905253706495	0.10274278159706253	0.2588544054129086	0.17078543495355591	0.4631785098088184	72.98	73.05	70.05	67.45	59.09	63.53	50.83
127	iShares MSCI South Korea Capped ETF	EWY	株式	特定国/地域株式	アジア	韓国	韓国の大・中型株に投資。テクノロジー、製造業、輸出が経済の柱。	グローバルサプライチェーン、半導体サイクル、米中貿易関係、北朝鮮リスク、国内消費を評価。	141.88	0.049330654816550905	135.21	0.06732876476462687	0.05904309614119044	0.1376794637510156	0.22669894856049438	0.6259434762769056	0.4593705317975142	1.481469173111418	132.93	133.97	124.71	115.66	87.26	97.22	57.18
131	iShares MSCI India ETF	INDA	株式	特定国/地域株式	アジア	インド	インドの大・中型株に投資。高成長が期待されるが、政治・経済リスクも伴う。	インドの人口動態、国内消費、技術革新、政府の経済改革、中国との関係を評価。	53.42	0.021414893847476732	52.3	0.0018754402605670047	0.010020774918000958	0.0026276162322818476	0.03627544053464075	-0.014572974153648775	-0.011655894116706306	0.06669321517116016	53.32	52.89	53.28	51.55	54.21	54.05	50.08
132	iShares MSCI India Small-Cap ETF	SMIN	株式	特定国/地域株式	アジア	インド（小型株）	インドの小型株に投資。より高い成長潜在力を持つが、流動性とボラティリティが高い。	インド国内景気への感応度が高く、内需主導の成長を捉える。規制環境や市場の成熟度も考慮。	68.47	0.026229016306687017	66.72	0.008394693402281784	0.012270872834775782	0.016026143950679174	0.052898700691678596	-0.023960255839979294	-0.02059794544377515	0.054393895336029674	67.9	67.64	67.39	65.03	70.15	69.91	64.94
133	iShares MSCI Singapore ETF	EWS	株式	特定国/地域株式	アジア	シンガポール	シンガポールの大・中型株に投資。金融、貿易、物流ハブとしての機能が強い。	グローバル貿易、地域経済の健全性、金融セクターの動向、地政学的な中立性を評価。	29.43	0.014128181976042072	29.02	0.021520334978358115	0.03371974060325948	0.03299405200454041	0.054838735038165776	0.09183385225021229	0.06979280480987422	0.29225466915874954	28.81	28.47	28.49	27.9	26.95	27.51	22.77
134	iShares MSCI Indonesia ETF	EIDO	株式	特定国/地域株式	アジア	インドネシア	インドネシアの大・中型株に投資。コモディティ価格と国内消費が経済の柱。	コモディティ価格動向、国内消費の拡大、インフラ投資、政治的安定性を評価。	18.06	0.012899581784660018	17.83	0.010632267363515977	0.016319583607664515	0.026136311051275275	-0.04646256828413653	-0.0073473131891316715	-0.03422466689228458	0.049479009069819765	17.87	17.77	17.6	18.94	18.19	18.7	17.21
135	VanEck Vietnam ETF	VNM	株式	特定国/地域株式	アジア	ベトナム	ベトナムの大・中型株に投資。製造業の成長と外資誘致が特徴。	新興市場としての成長潜在力、製造業のサプライチェーン再編、労働力コスト、政治的安定性を評価。	19.29	0.02825163540400968	18.76	0.027703806344266158	0.02117530644803005	0.06988353748733327	-0.005157219044291411	0.09085461126548426	0.01100634133443429	0.635358948068158	18.77	18.89	18.03	19.39	17.68	19.08	11.8
136	iShares MSCI Philippines ETF	EPHE	株式	特定国/地域株式	アジア	フィリピン	フィリピンの大・中型株に投資。人口増加と国内消費が経済成長を牽引。	人口増加、インフラ投資、送金収入（OFW）、政治的安定性、米中関係を評価。	27.16	0.012299661745972584	26.83	0.014189662099452346	0.007044884645715817	0.01608680555704214	0.033878925547769174	0.09251270383057549	0.08988763098957793	0.1373110453414506	26.78	26.97	26.73	26.27	24.86	24.92	23.88
137	iShares MSCI Malaysia ETF	EWM	株式	特定国/地域株式	アジア	マレーシア	マレーシアの大・中型株に投資。コモディティ、製造業、サービス業が経済の柱。	コモディティ価格、貿易動向、政府の経済政策、地政学リスク（南シナ海）を評価。	30.13	0.010395689775818093	29.82	0.015503845072120213	0.013795419141476176	0.018938095086974326	0.0661712284762694	0.1643295750293537	0.10124263481803504	0.2876814490951307	29.67	29.72	29.57	28.26	25.88	27.36	23.4
138	iShares MSCI Thailand Capped ETF	THD	株式	特定国/地域株式	アジア	タイ	タイの大・中型株に投資。観光業と輸出が経済の柱。	観光業の回復、輸出動向、政府の経済政策、政治的安定性、中国との貿易関係を評価。	72.4	-0.0044004357735505095	72.72	0.015997745656378976	0.029871954238394366	0.10114070761793013	0.13284308713404855	0.2681313089265786	0.21334009967439221	0.34136038572256583	71.26	70.3	65.75	63.91	57.09	59.67	53.98
141	iShares MSCI Germany ETF	EWG	株式	特定国/地域株式	ヨーロッパ	ドイツ	ドイツの大・中型株に投資。ユーロ圏最大の経済大国で、輸出志向が強い。	ユーロ圏経済の健全性、世界貿易動向、製造業の競争力、自動車産業の動向、エネルギー政策を評価。	44.32	0.010027315770251951	43.88	0.004533108970565183	0.00795993778495276	0.01814842494098743	0.035030359894685136	0.1248730451371616	0.04282352223115809	0.2450129706912101	44.12	43.97	43.53	42.82	39.4	42.5	35.6
142	iShares MSCI United Kingdom ETF	EWU	株式	特定国/地域株式	ヨーロッパ	イギリス	イギリスの大・中型株に投資。金融、エネルギー、消費財産業が強い。	Brexitの影響、BOEの金融政策、ポンド相場、インフレ動向、国際貿易関係を評価。	48.04	0.007550348323141339	47.68	0.003341684290785411	0.0167195960958168	0.024307022442619716	0.06377327453158246	0.16423851149326782	0.09231472068097638	0.3671818759079291	47.88	47.25	46.9	45.16	41.26	43.98	35.14
143	iShares MSCI France ETF	EWQ	株式	特定国/地域株式	ヨーロッパ	フランス	フランスの大・中型株に投資。ユーロ圏の主要経済国で、ラグジュアリー、金融、航空宇宙が強い。	ユーロ圏経済の健全性、政府の改革努力、高級ブランド市場の動向、社会情勢を評価。	47.68	0.016414420385169763	46.91	0.013820998144806335	0.020985000561585507	0.027586179681114337	0.05837960294462457	0.09686060176004559	0.05979103192602184	0.2225885056769697	47.03	46.7	46.4	45.05	43.47	44.99	39.0
144	iShares MSCI Switzerland ETF	EWL	株式	特定国/地域株式	ヨーロッパ	スイス	スイスの大・中型株に投資。製薬、金融、食品産業が強く、安全通貨としての地位も。	グローバル経済の不確実性時の安全資産需要、大手多国籍企業の業績、スイス国立銀行の政策を評価。	64.38	0.0034288275990001877	64.16	0.0018673375847873726	0.009249041063221115	0.020446934501666247	0.06430807516965123	0.13565000552118395	0.07371578112798742	0.27890824375568296	64.26	63.79	63.09	60.49	56.69	59.96	50.34
145	iShares MSCI Italy ETF	EWI	株式	特定国/地域株式	ヨーロッパ	イタリア	イタリアの大・中型株に投資。ユーロ圏第3位の経済大国だが、高債務と政治リスクも。	ユーロ圏経済との連動、政府の財政健全化努力、政治的安定性、銀行セクターの課題を評価。	56.81	0.0164609410214625	55.89	0.008700313940375036	0.022866410457847458	0.009417246010835151	0.04353421760409958	0.11819259830793453	0.04564696224285374	0.43444557021866037	56.32	55.54	56.28	54.44	50.81	54.33	39.6
146	iShares MSCI Spain Capped ETF	EWP	株式	特定国/地域株式	ヨーロッパ	スペイン	スペインの大・中型株に投資。観光業、金融業、再生可能エネルギーが強い。	観光業の回復、ユーロ圏経済との連動、再生可能エネルギー政策、失業率の動向を評価。	57.02	0.015494192488735603	56.15	0.0033432803200291266	0.025355148928907653	0.009918550874454838	0.0448964774902102	0.16251947163307087	0.05768875197837447	0.6460128587089204	56.83	55.61	56.46	54.57	49.05	53.91	34.64
147	Global X MSCI Greece ETF	GREK	株式	特定国/地域株式	ヨーロッパ	ギリシャ	ギリシャの大・中型株に投資。過去の債務危機から経済再建途上。	観光業の回復、財政改革の進捗、EUからの支援、投資環境の改善、地政学リスクを評価。	70.9	-0.0019707121036626786	71.04	-0.02730138400923273	-0.013908205546283206	-0.056804533019537216	0.0022618556254059923	0.11991771929294943	0.07570926394346725	0.6986945576820555	72.89	71.9	75.17	70.74	63.31	65.91	41.74
148	iShares MSCI Ireland Capped ETF	EIRL	株式	特定国/地域株式	ヨーロッパ	アイルランド	アイルランドの大・中型株に投資。多国籍企業の欧州拠点。	Brexitの影響、法人税制、テクノロジー・医薬品セクターの成長、経済の多様化を評価。	73.65	0.013764624624870608	72.65	0.010288065628280626	0.014462852256561621	-0.02476158898716247	-0.002843204477894692	0.07909231278101557	0.0019044944304176094	0.26247125554021733	72.9	72.6	75.52	73.86	68.25	73.51	58.34
149	iShares MSCI Netherlands ETF	EWN	株式	特定国/地域株式	ヨーロッパ	オランダ	オランダの大・中型株に投資。貿易立国で、金融、物流、ハイテクが強い。	グローバル貿易、ユーロ圏経済、半導体産業の動向、国際企業の本拠地としての魅力度を評価。	63.18	0.008298762512447535	62.66	0.0038131821370099403	0.024817497833388137	0.018539441375303244	0.026649323452230308	0.1729661920885293	0.10783800907447134	0.36972030750329066	62.94	61.65	62.03	61.54	53.86	57.03	46.13
150	iShares MSCI Austria ETF	EWO	株式	特定国/地域株式	ヨーロッパ	オーストリア	オーストリアの大・中型株に投資。中央ヨーロッパのハブとしての役割。	中東欧経済との連携、観光業、銀行セクターの健全性、地政学リスクを評価。	39.01	0.004118400352542847	38.85	0.006190298192825319	0.024691322149833935	0.017740580693831	0.07258728257300028	0.2535346166299835	0.09980256495632295	0.7001418885651483	38.77	38.07	38.33	36.37	31.12	35.47	22.95
151	iShares MSCI Belgium ETF	EWK	株式	特定国/地域株式	ヨーロッパ	ベルギー	ベルギーの大・中型株に投資。ユーロ圏の中核国の一つ。	ユーロ圏経済の健全性、貿易動向、医薬品セクター、EU政策への感応度を評価。	27.37	-0.002187366579469614	27.43	-0.0025510092369472608	0.001097318452014276	0.02701693174518824	0.08181824761245932	0.16060245239752885	0.12633751845928926	0.4551325044247913	27.44	27.34	26.65	25.3	23.58	24.3	18.81
152	iShares MSCI Sweden ETF	EWD	株式	特定国/地域株式	ヨーロッパ	スウェーデン	スウェーデン大・中型株に投資。輸出志向が強く、イノベーションと社会保障が特徴。	グローバル貿易、イノベーション能力、中央銀行の金融政策、福祉国家モデルの持続可能性を評価。	54.0	0.011235926160607323	53.4	0.009345794392523364	0.00991207718715488	0.02021537291998822	0.048136636649866546	0.1869090148071674	0.09689214913908954	0.26637347694619884	53.5	53.47	52.93	51.52	45.5	49.23	42.64
153	iShares MSCI Norway ETF	ENOR	株式	特定国/地域株式	ヨーロッパ	ノルウェー	ノルウェーの大・中型株に投資。主要産油国で、水産業も盛ん。	原油・天然ガス価格、政府系ファンドの運用、水産業の成長、気候変動対策を評価。	34.38	0.014159277894719312	33.9	0.016257735953051824	0.03491871778406747	0.05041251295312934	0.13465352916789364	0.2931909650794384	0.1945795777575585	0.4786943173826232	33.83	33.22	32.73	30.3	26.59	28.78	23.25
154	iShares MSCI Poland ETF	EPOL	株式	特定国/地域株式	ヨーロッパ	ポーランド	ポーランドの大・中型株に投資。中東欧最大の経済国で、EU域内供給網の重要な拠点。	EU経済との統合度、国内消費、製造業の成長、人件費上昇、地政学リスクを評価。	37.81	0.004249663769658355	37.65	0.002120377207138064	0.003716570511041863	-0.002900759519138876	0.04591977254063892	0.18288847211638812	0.07445305054923947	0.5183589465492625	37.73	37.67	37.92	36.15	31.96	35.19	24.9
155	iShares MSCI Finland Capped ETF	EFNL	株式	特定国/地域株式	ヨーロッパ	フィンランド	フィンランドの大・中型株に投資。テクノロジー、林業、金属産業が特徴。	ユーロ圏経済との連動、技術革新、天然資源産業の動向、隣国（ロシア）との関係を評価。	51.38	0.008043944233722611	50.97	0.010025597541556167	0.02575366164099914	0.02208077581547216	0.05050094517294945	0.1696430463297811	0.07444586775428882	0.48028757385524373	50.87	50.09	50.27	48.91	43.93	47.82	34.71
158	iShares MSCI Turkey ETF	TUR	株式	特定国/地域株式	ヨーロッパ	トルコ	トルコの大・中型株に投資。高いインフレと金融政策の不安定さが特徴。	金融政策の信頼性、インフレ動向、地政学リスク（中東、ロシア）、観光業の回復を評価。	41.65	0.00945233204583443	41.26	-0.017920262302938413	-0.013500702945141366	0.01983353012401222	0.07789860724057986	0.24565001293190833	0.21005240388004162	0.2284514092545389	42.41	42.22	40.84	38.64	33.44	34.42	33.9
159	iShares MSCI Israel ETF	EIS	株式	特定国/地域株式	中東・アフリカ	イスラエル	イスラエル大・中型株に投資。テクノロジー、イノベーションが強い。	テクノロジーセクターの成長、ベンチャー投資、地政学リスク、中東情勢を評価。	122.77	0.009289684800131062	121.64	0.0014683115307357751	0.0022040542291135203	0.02385116248529285	0.047972642287554906	0.23385616237264126	0.11578658552313531	0.5183915817006538	122.59	122.5	119.91	117.15	99.5	110.03	80.86
160	iShares MSCI Qatar ETF	QAT	株式	特定国/地域株式	中東・アフリカ	カタール	カタールの大・中型株に投資。天然ガス輸出国で、政府投資ファンドが強力。	天然ガス価格、政府の投資戦略、インフラ開発、地政学リスク、世界からの投資流入を評価。	19.84	-0.0005540686147890788	19.86	-0.013422841702009273	-0.012539225117438085	-0.004764353969843805	0.006849326999116291	0.07520518504502492	0.054575325570957865	0.138024394389601	20.11	20.1	19.94	19.71	18.46	18.82	17.44
161	iShares MSCI Saudi Arabia ETF	KSA	株式	特定国/地域株式	中東・アフリカ	サウジアラビア	サウジアラビアの大・中型株に投資。世界最大の産油国であり、経済改革（Vision 2030）を推進。	原油価格、政府の経済多角化政策、公共投資、地政学リスク、OPEC+の動向を評価。	38.63	0.013113033988821627	38.13	-0.01252550810706077	-0.013534187470940453	-0.028176073758107312	0.008616235969408716	0.021351756473727175	0.060972294150144435	-0.06256324948206242	39.12	39.16	39.75	38.3	37.82	36.41	41.21
162	iShares MSCI South Africa ETF	EZA	株式	特定国/地域株式	中東・アフリカ	南アフリカ	南アフリカの大・中型株に投資。貴金属、資源が豊富だが、政治・社会リスクも。	コモディティ価格（金、プラチナ、石炭）、国内政治情勢、インフレ、不平等を評価。	77.25	0.02986265564559414	75.01	0.02223104819320046	0.025624008404084016	0.03316842942728111	0.050734541991921685	0.25619145281415745	0.12281971763700807	0.7605141620958462	75.57	75.32	74.77	73.52	61.5	68.8	43.88
163	iShares MSCI UAE ETF	UAE	株式	特定国/地域株式	中東・アフリカ	アラブ首長国連邦	アラブ首長国連邦の大・中型株に投資。観光、金融、貿易のハブ。	原油価格、観光業の回復、多角化戦略、地政学的な位置付け、投資環境を評価。	21.63	-0.00276631497527174	21.69	-0.026990571022268532	-0.014129506187103246	-0.004601950463706043	0.06551724008333705	0.1692655732823409	0.13127605707959997	0.2772780578041765	22.23	21.94	21.73	20.3	18.5	19.12	16.93
166	Global X MSCI Argentina ETF	ARGT	株式	特定国/地域株式	中南米	アルゼンチン	アルゼンチンの大・中型株に投資。債務問題、インフレ、政治情勢が不安定要素。	経済改革の進展、インフレ動向、IMFとの交渉、政治的安定性といったハイリスク・ハイリターン要素を評価。	95.5	0.013692823777343151	94.21	0.04600215561724808	0.033661658522535	0.025118036130373868	0.00898043803928191	0.12444744998753146	0.044743421661036224	0.10547526325011446	91.3	92.39	93.16	94.65	84.93	91.41	86.39
167	iShares MSCI Brazil ETF	EWZ	株式	特定国/地域株式	中南米	ブラジル	ブラジルの大・中型株に投資。コモディティ輸出国であり、国内消費も大きい。	コモディティ価格動向、政治的安定性、インフレ、中央銀行の金融政策、国内消費を評価。	39.37	0.019683975900519495	38.61	0.035235345663943915	0.034419272499371316	0.048189496603182835	0.12421468924215082	0.27223039028665036	0.23921933788527452	0.5843210897766584	38.03	38.06	37.56	35.02	30.95	31.77	24.85
168	iShares MSCI Brazil Small-Cap ETF	EWZS	株式	特定国/地域株式	中南米	ブラジル（小型株）	ブラジルの小型株に投資。国内経済の健全性に敏感。	ブラジル国内市場の成長力、中小企業の状況、国内需要の動向を評価。	15.66	0.016883132163781803	15.4	0.03708605641027649	0.04122339675077326	0.04609215551605661	0.11300640988448543	0.20696626526091227	0.2111368505647699	0.4852571447591833	15.1	15.04	14.97	14.07	12.97	12.93	10.54
169	iShares MSCI Peru ETF	EPU	株式	特定国/地域株式	中南米	ペルー	ペルーの大・中型株に投資。銅、金など鉱業が経済の柱。	主要鉱物の価格動向、政治的安定性、投資環境、社会情勢を評価。	89.66	0.01736079038209737	88.13	0.035693704264502836	0.03449873723702708	0.01712991616667375	0.054327407065425735	0.5095443524949984	0.23925370494900433	1.1773381609865161	86.57	86.67	88.15	85.04	59.4	72.35	41.18
171	Vanguard Total Stock Market ETF	VTI	株式	米国株式	広範市場	米国全市場株式	米国株式市場全体（大型、中型、小型）をカバーする広範なETF。	米国経済全体の健全性、包括的な市場パフォーマンスを評価する上で中心的なツール。	340.27	0.006150349085573566	338.19	0.004249926212180534	0.010752993265464318	-0.0020237050055685454	0.0035095036231300356	0.05384552204589922	0.014913353905338978	0.14240435127224263	338.83	336.65	340.96	339.08	322.88	335.27	297.85
172	Invesco S&P 500 Equal Weight ETF	RSP	株式	米国株式	主要指数	均等ウェイト	S&P 500構成銘柄に均等にウェイトをかける。大型株優位の指数とは異なる視点。	特定の大型株への集中リスクを避け、より広範な米国市場のパフォーマンスを反映。	204.09	0.004676562720766638	203.14	0.0025543498303446386	0.006013709518740775	0.009047769607216307	0.02352057464876853	0.10304487657913995	0.06541030976712264	0.13842397818827634	203.57	202.87	202.26	199.4	185.02	191.56	179.27
173	ProShares Short QQQ	PSQ	株式	米国株式	逆張り/レバレッジ	Nasdaq 100（ショート）	日々のQQQのパフォーマンスの逆方向（ショート）を目指す。	テクノロジー株や成長株に対する弱気な見通しを反映。市場の過熱感やバブル崩壊に賭ける。	30.66	-0.008087997451767404	30.91	-0.0038986626561533216	-0.010009669771245644	0.0036006747331803375	0.01590455723600538	-0.02104727619615558	0.01523175737919694	-0.10444487479018788	30.78	30.97	30.55	30.18	31.32	30.2	34.24
174	ProShares Short S&P 500	SH	株式	米国株式	逆張り/レバレッジ	S&P 500（ショート）	日々のS&P 500のパフォーマンスの逆方向（ショート）を目指す。	広範な米国株式市場に対する弱気な見通しを反映。景気後退や市場調整時に利用。	35.9	-0.006640782175504787	36.14	-0.0038845556629306483	-0.01020123868803444	0.003915078605062432	-0.0013907993323908538	-0.03372724654510956	-0.003608028249300586	-0.08787244479168271	36.04	36.27	35.76	35.95	37.15	36.03	39.36
175	Vanguard Dividend Appreciation ETF	VIG	株式	米国株式	スタイル別	配当成長株	継続的に配当を増やしてきた米国の企業に投資。	企業の財務健全性、安定したキャッシュフロー、インフレ耐性、長期的な成長見通しを評価。	227.57	0.0020254797790979382	227.11	-0.0016669867475791942	0.0013641328208933287	-0.008539151594571054	0.016482054497621353	0.061439012244388434	0.03544457452083528	0.13386414152641518	227.95	227.26	229.53	223.88	214.4	219.78	200.7
176	Vanguard Growth ETF	VUG	株式	米国株式	スタイル別	グロース株	高い収益成長が期待される米国の大型株に投資。	景気拡大期、低金利環境、技術革新のトレンド、リスク選好度の高い市場で有利。	465.04	0.008282397368085516	461.22	0.005535369092242624	0.015415514627786907	-0.007575893255751296	-0.025175515261220367	-0.009372985550178344	-0.046775668207746236	0.09808912818743458	462.48	457.98	468.59	477.05	469.44	487.86	423.5
177	Vanguard High Dividend Yield ETF	VYM	株式	米国株式	スタイル別	高配当株	高い配当利回りを持つ米国の企業に投資。	インカムゲインの追求、市場の不安定期における防衛的な特性、金利感応度を評価。	155.56	0.0023195916071546024	155.2	-0.0002571243146048376	0.001222903053211407	0.0005788662583392369	0.04909629646094468	0.11770982837329529	0.08389069765686374	0.18590645107480688	155.6	155.37	155.47	148.28	139.18	143.52	131.17
178	Vanguard Value ETF	VTV	株式	米国株式	スタイル別	バリュー株	割安と判断される米国の大型株に投資。	景気回復期、高金利環境、市場のバリュエーション調整局面で有利。	206.88	0.0036872199865563937	206.12	0.0016462264342608363	0.0036384804843253384	0.0023741726566846384	0.04242667481657892	0.12157827987340923	0.0831980676089209	0.18488737438073038	206.54	206.13	206.39	198.46	184.45	190.99	174.6
179	Invesco S&P 500 Pure Value ETF	RPV	株式	米国株式	スタイル別	バリュー（ピュア）	S&P 500の中から、より純粋なバリュー特性を持つ銘柄に焦点を当てる。	景気回復期や金利上昇局面でのバリュー優位性をより明確に捉える。	112.93	0.0023076430323590072	112.67	-0.003353607462761336	0.00310888673324349	0.011192693379157065	0.04671425474130561	0.14513197328761046	0.09258900578862592	0.24032858319696415	113.31	112.58	111.68	107.89	98.62	103.36	91.05
180	Nasdaq 100 Covered Call ETF	QYLD	株式	米国株式	特殊戦略	カバードコール	Nasdaq 100指数の構成銘柄を保有し、同時にコールオプションを売却することでインカムゲインを狙う。	インカム戦略。高い配当利回りが魅力だが、株価上昇の恩恵を制限し、株価下落への限定的な保護しか提供しない。	17.73	0.00795903288425159	17.59	0.004532573679042171	0.010256428091214524	0.003395555499905064	0.004532573679042171	0.05564612264407747	0.013542280893348732	0.059805608599273044	17.65	17.55	17.67	17.65	16.8	17.49	16.73
